country,2020,2019,2018,2017,2016,2015,2014,2013,2012,2011,2010,2009,2008,2007,2006,2005,2004,2003,2002,2001,2000,1999,1998,1997,1996,1995,1994,1993,1992,1991,1990,1989,1988,1987,1986,1985,1984,1983,1982,1981,1980,1979,1978,1977,1976,1975,1974,1973,1972,1971
阿富汗,2.3,2.31,2.38,2.55,2.78,3.08,3.36,3.49,3.41,3.14,2.75,2.4,2.27,2.49,2.99,3.68,4.32,4.67,4.5,3.9,2.98,2.17,1.95,2.64,4.02,5.88,7.66,8.79,8.55,6.9,4.48,2.14,0.12,-1.13,-1.71,-2.2,-2.7,-2.71,-2.22,-1.39,-0.41,0.52,1.28,1.75,1.98,2.2,2.48,2.66,2.71,2.67
巴林,3.62,4.47,4.92,4.68,3.86,2.64,1.59,1.15,1.69,2.96,4.6,6.13,7.32,7.78,7.5,6.9,6.36,5.76,5.25,4.84,4.32,3.65,3.11,2.77,2.62,2.53,2.46,2.48,2.58,2.75,3.04,3.36,3.55,3.51,3.29,2.95,2.68,2.68,3.11,3.88,4.87,5.81,6.48,6.62,6.26,5.65,5.04,4.43,3.93,3.56
孟加拉国,1,1.03,1.05,1.08,1.1,1.12,1.14,1.16,1.15,1.14,1.12,1.12,1.15,1.23,1.35,1.48,1.62,1.73,1.82,1.89,1.95,2.02,2.08,2.11,2.13,2.13,2.14,2.17,2.23,2.33,2.43,2.52,2.6,2.63,2.63,2.62,2.61,2.6,2.61,2.64,2.69,2.72,2.67,2.5,2.24,1.91,1.62,1.51,1.66,2
不丹,1.11,1.15,1.18,1.2,1.2,1.22,1.23,1.23,1.19,1.13,1.05,1,1.01,1.13,1.33,1.54,1.73,1.9,2.03,2.11,2.25,2.37,2.27,1.87,1.27,0.51,-0.13,-0.36,-0.02,0.72,1.64,2.45,3.03,3.21,3.06,2.79,2.61,2.51,2.56,2.72,2.92,3.05,3.15,3.2,3.2,3.18,3.16,3.16,3.16,3.19
文莱,0.96,1.01,1.05,1.11,1.17,1.25,1.32,1.35,1.34,1.29,1.23,1.17,1.18,1.26,1.4,1.57,1.72,1.86,1.96,2.04,2.11,2.19,2.27,2.38,2.5,2.61,2.72,2.81,2.84,2.86,2.85,2.84,2.84,2.84,2.84,2.83,2.84,2.87,2.97,3.12,3.29,3.47,3.64,3.82,3.97,4.15,4.32,4.48,4.57,4.63
缅甸,0.67,0.63,0.61,0.63,0.69,0.76,0.82,0.85,0.83,0.77,0.7,0.64,0.62,0.65,0.71,0.79,0.86,0.93,1.01,1.08,1.16,1.24,1.29,1.29,1.25,1.19,1.14,1.15,1.21,1.33,1.47,1.6,1.71,1.81,1.88,1.96,2.03,2.1,2.14,2.17,2.19,2.21,2.23,2.25,2.27,2.29,2.3,2.31,2.32,2.34
柬埔寨,1.4,1.45,1.49,1.53,1.57,1.6,1.64,1.65,1.63,1.59,1.54,1.5,1.48,1.49,1.53,1.57,1.62,1.71,1.86,2.04,2.24,2.44,2.64,2.83,3.02,3.23,3.42,3.54,3.54,3.44,3.22,2.98,2.86,2.94,3.14,3.52,3.8,3.55,2.49,0.83,-1.14,-2.72,-3.37,-2.86,-1.6,-0.12,1.12,1.99,2.25,2.02
塞浦路斯,0.73,0.78,0.81,0.81,0.79,0.75,0.73,0.78,0.9,1.09,1.31,1.52,1.67,1.73,1.72,1.69,1.68,1.68,1.72,1.78,1.84,1.89,1.95,2.01,2.09,2.16,2.22,2.24,2.21,2.13,2.05,1.96,1.79,1.54,1.22,0.85,0.52,0.34,0.37,0.55,0.79,1,1.16,1.21,1.19,1.15,1.13,1.12,1.14,1.17
朝鲜,0.44,0.46,0.47,0.48,0.49,0.5,0.51,0.52,0.51,0.51,0.49,0.49,0.5,0.55,0.63,0.72,0.81,0.87,0.89,0.89,0.87,0.86,0.9,1,1.14,1.31,1.46,1.56,1.58,1.55,1.49,1.44,1.41,1.43,1.47,1.53,1.58,1.6,1.55,1.47,1.36,1.28,1.3,1.45,1.71,2,2.27,2.5,2.65,2.73
印度,0.99,1.01,1.04,1.06,1.09,1.12,1.15,1.18,1.23,1.29,1.35,1.41,1.46,1.51,1.55,1.58,1.62,1.65,1.69,1.73,1.77,1.81,1.84,1.87,1.9,1.92,1.94,1.97,2,2.04,2.08,2.11,2.15,2.18,2.22,2.26,2.3,2.32,2.33,2.32,2.31,2.29,2.29,2.29,2.3,2.32,2.33,2.33,2.3,2.26
印度尼西亚,1.07,1.1,1.13,1.18,1.22,1.27,1.31,1.34,1.35,1.35,1.34,1.33,1.32,1.32,1.33,1.34,1.34,1.35,1.36,1.37,1.38,1.4,1.42,1.45,1.5,1.54,1.59,1.64,1.69,1.74,1.78,1.83,1.89,1.96,2.04,2.12,2.2,2.27,2.31,2.34,2.36,2.38,2.41,2.44,2.48,2.53,2.56,2.6,2.63,2.65
伊朗,1.29,1.35,1.39,1.39,1.36,1.32,1.28,1.24,1.21,1.18,1.14,1.11,1.09,1.1,1.13,1.17,1.21,1.24,1.25,1.25,1.26,1.29,1.31,1.34,1.38,1.4,1.44,1.59,1.89,2.3,2.78,3.23,3.61,3.85,3.96,4.04,4.12,4.14,4.07,3.93,3.72,3.49,3.27,3.12,3.02,2.92,2.81,2.72,2.67,2.66
伊拉克,2.3,2.25,2.32,2.54,2.88,3.32,3.71,3.9,3.72,3.25,2.62,2.05,1.69,1.67,1.93,2.29,2.58,2.82,2.95,2.98,3,3.06,3.1,3.11,3.1,3.07,3.04,2.96,2.83,2.66,2.47,2.28,2.16,2.16,2.25,2.38,2.5,2.62,2.73,2.82,2.93,3.05,3.15,3.21,3.23,3.24,3.24,3.26,3.3,3.35
以色列,1.76,1.91,,1.93,1.96,1.98,1.92,1.87,1.85,1.85,1.83,2.39,1.78,1.78,1.77,1.76,1.77,1.81,2.01,2.36,2.64,2.55,2.29,2.5,2.62,2.67,2.59,2.66,3.46,6.02,3.09,1.7,1.66,1.62,1.55,1.76,1.31,1.82,1.88,1.99,2.4,2.57,2.11,2.24,2.23,2.28,2.98,4.05,2.54,3.14
日本,-0.29,-0.14,-0.13,-0.08,-0.05,-0.11,-0.13,-0.14,-0.16,-0.19,0.02,-0.01,0.05,0.11,0.06,0.01,0.03,0.21,0.23,0.24,0.17,0.18,0.27,0.24,0.23,0.23,0.28,0.32,0.37,0.39,0.33,0.4,0.42,0.48,0.53,0.63,0.65,0.7,0.69,0.73,0.79,0.85,0.91,0.97,1.07,1.27,1.33,1.41,1.4,2.19
约旦,1,1.36,1.82,2.39,3.06,3.82,4.59,5.17,5.42,5.38,5.2,5.01,4.7,4.31,3.84,3.27,2.65,2.17,1.9,1.83,1.79,1.76,1.95,2.41,3.09,3.97,4.85,5.48,5.61,5.31,4.78,4.29,3.91,3.79,3.9,4.07,4.14,4.12,3.92,3.59,3.2,2.87,2.65,2.61,2.73,2.86,3,3.37,4.05,4.98
科威特,1.5,1.67,1.98,2.48,3.11,3.84,4.56,5.17,5.55,5.72,5.88,6.03,5.89,5.35,4.46,3.12,1.78,1.15,1.59,2.8,4.68,6.37,6.83,5,1.3,4.98,,,,-3.1,0.12,2.81,4.83,5.66,5.44,4.91,4.66,4.5,4.64,5.03,5.45,5.72,5.93,6.05,6.09,6.05,6.01,6.12,6.46,7.03
老挝,1.47,1.52,1.55,1.55,1.54,1.52,1.49,1.49,1.52,1.56,1.62,1.67,1.7,1.68,1.63,1.57,1.52,1.51,1.53,1.6,1.67,1.75,1.85,1.98,2.14,2.31,2.48,2.62,2.73,2.8,2.85,2.89,2.91,2.89,2.84,2.79,2.72,2.57,2.32,1.98,1.57,1.21,1.05,1.18,1.54,2.01,2.43,2.72,2.8,2.71
黎巴嫩,-0.44,-0.05,0.59,1.55,2.74,4.25,5.72,6.56,6.25,4.9,2.87,1.01,-0.05,0.16,1.29,2.79,4.04,4.81,4.68,3.78,2.5,1.46,0.95,1.31,2.31,3.61,4.73,5.38,5.15,4.15,2.77,1.54,0.62,0.27,0.33,0.53,0.61,0.61,0.46,0.21,-0.08,-0.24,-0.17,0.2,0.8,1.52,2.19,2.62,2.67,2.43
马来西亚,1.29,1.33,1.35,1.36,1.36,1.34,1.34,1.37,1.45,1.56,1.69,1.82,1.91,1.96,1.97,1.97,1.97,2.01,2.08,2.2,2.32,2.44,2.53,2.56,2.55,2.52,2.5,2.51,2.57,2.68,2.82,2.93,2.98,2.94,2.81,2.64,2.48,2.38,2.36,2.41,2.48,2.54,2.57,2.55,2.49,2.42,2.37,2.34,2.34,2.36
马尔代夫,1.79,2.91,3.82,4.3,4.43,4.47,4.57,4.52,4.31,3.96,3.43,2.85,2.44,2.32,2.44,2.64,2.8,2.85,2.71,2.44,2.12,1.87,1.73,1.78,1.96,2.21,2.44,2.64,2.8,2.91,3.03,3.15,3.28,3.39,3.49,3.59,3.67,3.7,3.61,3.45,3.21,2.98,2.83,2.85,2.99,3.21,3.39,3.47,3.33,3.08
蒙古,1.63,1.72,1.8,1.86,1.91,1.96,2,2,1.94,1.84,1.71,1.58,1.46,1.36,1.28,1.2,1.11,1.04,0.97,0.92,0.89,0.87,0.85,0.82,0.8,0.77,0.76,0.87,1.15,1.53,1.99,2.43,2.73,2.85,2.79,2.68,2.59,2.53,2.52,2.56,2.6,2.61,2.63,2.68,2.75,2.83,2.9,2.95,2.96,2.95
尼泊尔,1.83,1.81,1.66,1.35,0.92,0.4,-0.04,-0.27,-0.19,0.1,0.48,0.81,1.07,1.2,1.24,1.27,1.34,1.43,1.54,1.68,1.82,1.94,2.07,2.21,2.36,2.51,2.65,2.73,2.71,2.61,2.47,2.33,2.23,2.2,2.24,2.28,2.31,2.33,2.33,2.31,2.29,2.27,2.25,2.23,2.2,2.18,2.15,2.12,2.08,2.04
阿曼,2.61,2.97,3.45,4.08,4.85,5.79,6.74,7.35,7.32,6.67,5.59,4.45,3.47,2.92,2.73,2.65,2.46,2.17,1.72,1.18,0.58,0.13,0.09,0.58,1.46,2.57,3.62,4.38,4.62,4.4,4,3.69,3.53,3.69,4.1,4.6,5.01,5.35,5.54,5.58,5.57,5.56,5.47,5.29,5.02,4.65,4.24,3.87,3.6,3.41
巴基斯坦,1.98,2.02,2.06,2.08,2.09,2.09,2.09,2.1,2.13,2.16,2.2,2.23,2.26,2.28,2.29,2.3,2.31,2.34,2.42,2.52,2.65,2.77,2.85,2.87,2.85,2.8,2.76,2.75,2.79,2.87,2.96,3.03,3.11,3.17,3.23,3.28,3.34,3.36,3.35,3.31,3.25,3.18,3.11,3.04,2.97,2.9,2.82,2.76,2.72,2.7
菲律宾,1.35,1.36,1.4,1.45,1.51,1.58,1.65,1.69,1.7,1.69,1.67,1.65,1.66,1.68,1.79,1.89,1.98,2.05,2.1,2.13,2.16,2.19,2.22,2.26,2.29,2.32,2.36,2.39,2.44,2.49,2.54,2.6,2.64,2.67,2.69,2.71,2.72,2.73,2.74,2.74,2.74,2.73,2.73,2.75,2.77,2.8,2.83,2.86,2.87,2.88
卡塔尔,1.72,1.8,2.07,2.62,3.4,4.24,5.11,6.2,7.58,9.23,11.48,14.14,16.48,17.51,16.7,13.87,9.98,6.19,4.12,3.73,3.78,3.37,2.99,2.42,1.75,1.25,1.1,1.22,1.64,2.3,3.11,3.99,4.96,5.96,6.99,8.32,9.84,10.95,11.15,10.34,8.61,6.66,5.15,4.83,5.56,6.73,7.74,8.57,8.88,8.65
沙特阿拉伯,1.58,1.66,1.8,2.01,2.26,2.56,2.84,3.03,3.09,3.04,2.93,2.82,2.76,2.76,2.82,2.91,2.97,2.94,2.8,2.57,2.3,2.06,1.92,1.94,2.1,2.3,2.51,2.74,3,3.27,3.56,3.88,4.23,4.61,5.02,5.48,5.95,6.28,6.36,6.2,5.88,5.52,5.21,5.06,5.04,5.04,4.98,4.87,4.68,4.43
新加坡,-0.31,,,0.09,1.3,1.19,1.3,1.62,2.45,2.08,1.77,3.02,5.32,4.17,3.13,2.35,1.25,-1.47,0.91,2.7,1.73,0.8,3.4,3.36,4.06,3.04,3.14,2.53,3,2.85,3.89,2.94,2.54,1.5,-0.09,0.14,1.89,1.3,4.39,4.81,1.27,1.26,1.21,1.39,1.35,1.46,1.66,1.87,1.85,1.83
韩国,0.14,0.35,0.43,0.43,0.45,0.53,0.63,0.46,0.53,0.77,0.5,0.51,0.76,0.51,0.53,0.21,0.4,0.52,0.58,0.77,0.84,0.71,0.72,0.94,0.95,1.43,0.9,0.9,0.91,0.93,1.15,0.96,0.96,0.94,0.92,0.99,1.24,1.47,1.55,1.56,1.56,1.52,1.52,1.56,1.6,1.93,1.96,1.99,2.03,2.09
斯里兰卡,0.53,,,1.13,1.12,0.93,0.9,0.78,0.13,0.67,0.68,0.65,0.68,0.74,0.77,0.78,0.84,0.84,0.79,0.71,0.61,0.53,0.51,0.56,0.68,0.82,0.94,1.05,1.14,1.2,1.27,1.35,1.4,1.42,1.43,1.42,1.41,1.43,1.48,1.56,1.66,1.74,1.81,1.84,1.86,1.86,1.87,1.9,1.98,2.08
叙利亚,2.49,0.74,-0.88,-2.14,-3,-3.89,-4.53,-4.3,-3.1,-1.32,0.74,2.59,3.88,4.21,3.73,2.95,2.34,1.92,1.88,2.14,2.45,2.62,2.76,2.81,2.81,2.79,2.8,2.82,2.86,2.92,2.98,3.04,3.1,3.19,3.29,3.4,3.5,3.57,3.58,3.54,3.48,3.41,3.36,3.36,3.38,3.41,3.43,3.44,3.43,3.41
泰国,0.25,0.28,0.32,0.35,0.37,0.4,0.43,0.45,0.47,0.48,0.49,0.5,0.53,0.56,0.6,0.65,0.69,0.75,0.83,0.93,1.04,1.15,1.21,1.18,1.11,1,0.92,0.91,1.01,1.19,1.4,1.59,1.74,1.81,1.82,1.81,1.82,1.85,1.91,1.99,2.07,2.15,2.24,2.34,2.45,2.57,2.68,2.78,2.84,2.88
土耳其,1.08,1.31,1.5,1.6,1.64,1.67,1.7,1.69,1.63,1.53,1.4,1.27,1.2,1.19,1.25,1.32,1.39,1.44,1.47,1.49,1.52,1.55,1.57,1.58,1.59,1.59,1.59,1.61,1.64,1.69,1.74,1.79,1.85,1.92,2,2.1,2.19,2.25,2.28,2.28,2.26,2.24,2.24,2.26,2.3,2.34,2.37,2.39,2.4,2.39
阿联酋,1.22,1.44,1.5,1.34,1.05,0.53,0.18,0.61,2.15,4.54,7.69,11.04,13.91,15.18,14.42,12.02,9.17,6.49,5.19,5.24,5.51,5.29,5.17,5.08,5.01,5.13,5.43,5.69,5.8,5.78,5.78,5.88,5.92,5.85,5.71,5.43,5.2,5.32,6.03,7.29,9,10.9,12.77,14.21,15.14,15.95,16.94,17.59,17.63,16.82
也门,2.25,2.3,2.36,2.42,2.5,2.58,2.65,2.72,2.76,2.78,2.8,2.81,2.82,2.83,2.84,2.86,2.88,2.89,2.89,2.88,2.84,2.82,2.93,3.22,3.66,4.22,4.75,5.12,5.16,4.93,4.55,4.18,3.88,3.76,3.78,3.82,3.8,3.77,3.69,3.59,3.49,3.39,3.23,2.98,2.67,2.31,1.97,1.71,1.58,1.55
越南,0.9,0.95,0.99,1.02,1.03,1.04,1.05,1.05,1.04,1.02,1,0.98,0.96,0.94,0.93,0.92,0.92,0.94,0.98,1.04,1.1,1.17,1.27,1.39,1.53,1.7,1.85,1.98,2.06,2.11,2.14,2.17,2.2,2.24,2.27,2.3,2.33,2.32,2.3,2.26,2.21,2.16,2.14,2.14,2.17,2.2,2.24,2.29,2.36,2.46
东帝汶,1.94,1.96,1.97,1.95,1.9,1.85,1.81,1.77,1.77,1.78,1.77,1.77,1.82,1.94,2.12,2.36,2.58,2.61,2.36,2.37,1.28,0.76,0.54,0.76,1.3,1.97,2.56,2.98,3.07,2.9,2.62,2.38,2.21,2.17,2.21,2.34,2.39,2.17,1.54,0.65,-0.41,-1.27,-1.59,-1.19,-0.31,0.74,1.66,2.32,2.52,2.37
哈萨克斯坦,1.3,1.29,1.31,1.36,1.42,1.46,1.47,1.44,1.41,1.43,1.41,1.98,1.87,1.14,1.06,0.89,0.69,0.34,0,-0.17,-0.3,-0.96,-1.73,-1.58,-1.52,-2.06,-1.44,-0.36,-0.08,0.63,0.6,0.27,1.03,1.17,1.19,1.17,1.17,1.15,1.12,1.09,1.04,0.98,0.97,1.03,1.15,1.29,1.43,1.54,1.6,1.63
吉尔吉斯斯坦,1.9,2.09,,1.99,2.04,2.06,2.01,1.98,1.67,1.22,1.19,1.21,0.95,0.95,1.08,1.13,1.21,1.05,0.92,0.95,1.19,1.49,1.53,1.46,1.48,1,-0.04,0.03,1.15,1.64,1.92,2.09,1.76,1.9,1.89,1.87,2.01,2.08,1.97,1.87,1.82,1.84,1.83,1.92,1.99,2.1,2.2,2.1,2.16,2.09
塔吉克斯坦,2.3,2.39,2.45,2.47,2.45,2.41,2.37,2.32,2.28,2.23,2.18,2.12,2.06,2,1.94,1.89,1.83,1.77,1.7,1.63,1.57,1.52,1.49,1.48,1.49,1.5,1.52,1.64,1.87,2.19,2.57,2.93,3.19,3.29,3.24,3.14,3.05,2.97,2.93,2.91,2.88,2.83,2.8,2.8,2.81,2.84,2.86,2.91,2.96,3.04
土库曼斯坦,1.49,1.55,1.61,1.67,1.73,1.79,1.85,1.85,1.8,1.69,1.57,1.45,1.34,1.24,1.16,1.08,1.02,0.99,1,1.06,1.11,1.19,1.33,1.57,1.87,2.23,2.57,2.81,2.88,2.82,2.7,2.6,2.51,2.46,2.45,2.43,2.39,2.37,2.39,2.44,2.5,2.56,2.62,2.66,2.69,2.73,2.77,2.81,2.84,2.86
乌兹别克斯坦,1.92,1.88,,1.68,1.74,1.74,1.69,1.56,1.47,2.69,2.82,1.69,1.6,1.42,1.22,1.16,1.15,1.16,1.22,1.27,1.38,1.08,1.61,1.89,1.91,1.81,1.96,2.27,2.34,2.13,2.62,2.41,2.43,2.46,2.48,2.5,2.51,2.54,2.57,2.63,2.69,2.75,2.78,2.78,2.74,2.68,2.63,2.65,2.78,2.99
约旦河西岸和加沙,2.49,,,2.88,2.88,2.92,2.96,2.98,3.01,3,2.9,2.89,2.88,2.56,2.56,2.56,2.56,2.56,2.56,2.56,2.56,2.56,2.56,4.48,4.48,4.48,4.48,4.48,4.48,4.48,,,,,,,,,,,,,,,,,,,,
比利时,0.48,0.54,,0.36,0.51,0.58,0.23,0.49,0.73,1.39,0.91,0.8,0.79,0.73,0.66,0.55,0.43,0.42,0.45,0.34,0.24,0.23,0.21,0.24,0.2,0.21,0.31,0.39,0.41,0.37,0.3,0.36,0.32,0.09,0.04,0.03,0,-0.01,-0.03,0,0.11,0.09,0.09,0.12,0.18,0.29,0.31,0.31,0.39,0.18
丹麦,0.29,0.36,,0.72,0.78,0.71,0.51,0.42,0.38,0.41,0.44,0.54,0.59,0.44,0.33,0.28,0.26,0.27,0.32,0.36,0.33,0.33,0.36,0.42,0.57,0.52,0.34,0.33,0.33,0.26,0.16,0.06,0.05,0.13,0.13,0.04,-0.05,-0.07,-0.07,-0.03,0.12,0.25,0.31,0.31,0.25,0.29,0.47,0.6,0.57,0.69
英国,0.37,0.56,,0.65,0.71,0.79,0.75,0.67,0.7,0.78,0.78,0.76,0.79,0.78,0.74,0.69,0.57,0.47,0.42,0.38,0.36,0.33,0.29,0.26,0.25,0.26,0.25,0.24,0.27,0.31,0.3,0.26,0.22,0.21,0.23,0.23,0.16,0.03,-0.04,0.03,0.12,0.09,0.01,-0.03,-0.02,-0.01,0.06,0.19,0.34,0.42
德国,0.08,0.23,,0.42,0.81,0.87,0.42,0.27,0.19,-1.85,-0.15,-0.25,-0.19,-0.13,-0.11,-0.06,-0.02,0.06,0.17,0.17,0.14,0.06,0.02,0.15,0.29,0.29,0.35,0.66,0.76,0.73,0.86,0.77,0.39,0.15,0.05,-0.22,-0.35,-0.26,-0.1,0.15,0.21,0.04,-0.09,-0.23,-0.43,-0.37,0.04,0.31,0.48,0.18
法国,0.19,0.22,0.27,0.29,0.4,0.42,0.47,0.51,0.48,0.48,0.49,0.51,0.56,0.62,0.7,0.75,0.74,0.71,0.73,0.73,0.68,0.51,0.37,0.35,0.35,0.36,0.37,0.43,0.5,0.55,0.51,0.54,0.56,0.57,0.57,0.56,0.56,0.55,0.52,0.49,0.44,0.41,0.41,0.46,0.53,0.63,0.72,0.78,0.8,0.79
爱尔兰,1.03,1.37,,1.22,1.13,0.94,0.73,0.53,0.42,0.44,0.35,0.75,1.57,2.89,2.7,2.2,1.85,1.64,1.7,1.6,1.34,1.13,1.05,1.01,0.79,0.51,0.39,0.5,0.68,0.58,0.08,-0.4,-0.43,0.01,0.05,0.16,0.62,0.71,0.95,1.18,1.16,1.34,1.43,1.36,1.52,1.66,1.67,1.62,1.5,1.18
意大利,-0.47,-1.15,,-0.13,-0.17,-0.1,0.92,1.16,0.27,0.17,0.31,0.46,0.66,0.5,0.3,0.49,0.65,0.44,0.15,0.06,0.05,0.02,0.03,0.05,0.03,0,0.02,0.06,0.07,0.07,0.08,0.08,0.05,0.01,0.01,0.03,0.02,0.04,0.07,0.12,0.21,0.29,0.36,0.42,0.5,0.6,0.65,0.68,0.57,0.47
卢森堡,1.67,1.96,,2.95,2.16,2.36,2.36,2.31,2.4,2.2,1.83,1.85,1.79,1.54,1.6,1.53,1.42,1.22,1.05,1.19,1.34,1.35,1.24,1.25,1.36,1.4,1.36,1.34,1.33,1.34,1.25,0.97,0.73,0.65,0.45,0.19,0.1,0.03,0.08,0.29,0.36,0.23,0.18,0.17,0.49,1.09,1.3,1.1,1.21,0.95
荷兰,0.56,0.66,,0.6,0.53,0.44,0.36,0.29,0.37,0.47,0.51,0.51,0.39,0.22,0.16,0.23,0.35,0.47,0.64,0.75,0.71,0.67,0.62,0.51,0.46,0.49,0.6,0.7,0.76,0.79,0.69,0.6,0.65,0.63,0.55,0.47,0.4,0.38,0.46,0.69,0.79,0.69,0.62,0.59,0.78,0.89,0.78,0.83,1.01,1.19
希腊,-0.2,-0.11,,-0.14,-0.42,-0.66,-0.67,-0.73,-0.54,-0.15,0.13,0.26,0.27,0.25,0.3,0.29,0.25,0.24,0.37,0.52,0.41,0.38,0.55,0.49,0.44,0.47,0.5,0.59,0.76,1.2,1.06,0.52,0.36,0.33,0.33,0.39,0.5,0.58,0.62,0.9,0.98,1.25,1.3,1.3,1.55,0.94,0.37,0.45,0.65,0.43
葡萄牙,0.11,0.02,,-0.31,-0.32,-0.41,-0.54,-0.55,-0.41,-0.76,0.05,0.09,0.13,0.23,0.33,0.45,0.58,0.7,0.73,0.65,0.53,0.42,0.38,0.33,0.27,0.26,0.22,0.13,0.02,-0.15,-0.22,-0.15,-0.1,-0.03,0.09,0.27,0.38,0.46,0.61,0.87,1.08,1.07,1.08,1.06,2.84,3.8,1.39,0.03,-0.15,-0.42
西班牙,0.48,0.72,,0.19,0.08,-0.08,-0.3,-0.33,0.06,0.22,0.35,0.77,1.5,1.71,1.64,1.64,1.62,1.66,1.41,0.69,0.45,0.41,0.41,0.42,0.42,0.44,0.48,0.52,0.49,0.25,0.1,0.16,0.21,0.26,0.3,0.36,0.42,0.49,0.6,0.71,0.8,0.88,0.96,1.03,1.06,1.08,1.09,1.1,1.1,1.21
阿尔巴尼亚,-0.57,,,-0.09,-0.16,-0.29,-0.21,-0.18,-0.17,-0.27,-0.5,-0.67,-0.77,-0.76,-0.63,-0.51,-0.42,-0.37,-0.3,-0.94,-0.64,-0.63,-0.63,-0.63,-0.62,-0.62,-0.61,-0.61,-0.61,-0.6,1.8,2.69,1.89,2,1.93,2.06,2.1,2.12,2.11,2,2.05,1.99,2.08,2.21,2.21,2.3,2.3,2.36,2.49,2.42
安道尔,0.15,0.18,0.01,-0.39,-0.9,-1.55,-1.95,-2.03,-1.59,-0.84,-0.01,0.71,1.41,2.06,2.66,3.38,4.11,4.37,3.94,2.94,1.58,0.35,-0.28,-0.07,0.78,1.87,2.75,3.49,3.84,3.88,3.84,3.93,3.99,4.08,4.23,4.32,4.43,4.35,4.22,3.9,3.49,3.15,2.93,3.06,3.45,3.95,4.44,4.89,5.01,5.2
奥地利,0.42,0.44,,0.83,1.08,1.12,0.78,0.59,0.46,0.34,0.24,0.26,0.31,0.32,0.49,0.68,0.62,0.49,0.49,0.38,0.24,0.19,0.11,0.11,0.14,0.15,0.38,0.82,1.1,1,0.76,0.45,0.14,0.06,0.06,0.05,-0.01,-0.16,0.07,0.26,0,-0.17,-0.08,0.04,-0.18,-0.27,0.17,0.55,0.58,0.45
保加利亚,-0.6,,,-0.73,-0.7,-0.64,-0.57,-0.56,-0.58,-2.5,-0.67,-0.5,-0.48,-0.74,-0.76,-0.75,-0.75,-0.79,-2.17,-1.99,-0.49,-0.56,-0.67,-0.61,-0.52,-0.45,-0.34,-0.8,-1.07,-0.99,-1.8,-1.17,0.11,0.15,-0.03,0,0.23,0.25,0.3,0.33,0.4,0.14,0.11,0.52,0.43,0.48,0.67,0.52,0.47,0.55
芬兰,0.14,0.11,,0.29,0.29,0.33,0.41,0.46,0.48,0.46,0.46,0.48,0.47,0.43,0.38,0.34,0.29,0.24,0.24,0.23,0.21,0.23,0.27,0.3,0.33,0.38,0.43,0.48,0.56,0.55,0.44,0.36,0.29,0.28,0.32,0.42,0.53,0.6,0.56,0.43,0.31,0.26,0.29,0.28,0.3,0.44,0.52,0.57,0.6,0.13
直布罗陀,-0.04,-0.03,-0.02,-0.04,-0.01,0.05,0.09,0.12,0.13,0.07,0.07,-0.02,0.14,0.31,0.59,0.88,1.14,1.42,1.55,1.67,1.8,1.92,1.82,1.49,0.98,0.29,-0.26,-0.57,-0.61,-0.44,-0.13,0.08,0.17,0.06,-0.19,-0.46,-0.67,-0.73,-0.68,-0.55,-0.35,-0.17,-0.01,0.16,0.39,0.59,0.77,1.03,1.19,1.41
匈牙利,-0.22,-0.05,,-0.34,-0.3,-0.24,-0.27,-0.28,-0.52,-0.28,-0.23,-0.15,-0.18,-0.15,-0.16,-0.2,-0.22,-0.29,-0.28,-0.23,-0.26,-0.28,-0.23,-0.2,-0.17,-0.14,-0.14,-0.11,-0.04,-0.01,-1.03,-1.09,-0.15,-0.17,-0.17,-0.18,-0.2,-0.15,-0.06,0.01,0.07,0.18,0.34,0.46,0.55,0.59,0.45,0.32,0.3,0.29
冰岛,1.62,2.2,,1.73,1.39,1.04,1.11,0.95,0.53,0.31,-0.14,0.34,1.86,2.53,2.35,1.58,0.88,0.69,0.89,1.33,1.37,1.21,1.07,0.82,0.54,0.54,0.87,1.02,1.26,1.16,0.78,1.24,1.57,1.1,0.73,0.79,1.06,1.32,1.34,1.14,1.06,0.98,0.78,0.74,0.99,1.28,1.35,1.51,1.46,0.81
列支敦士登,0.31,0.27,0.3,0.4,0.51,0.66,0.75,0.88,0.87,0.84,0.76,0.71,0.71,0.69,0.74,0.79,0.79,0.84,1.01,1.08,1.27,1.41,1.48,1.51,1.51,1.53,1.42,1.46,1.31,1.3,1.19,1.11,1.07,1.02,0.97,0.95,0.88,0.96,1.15,1.34,1.63,1.96,2.09,2.14,2.1,1.94,1.87,1.78,1.97,2.14
马耳他,2.21,3.93,,2.16,2.29,2.39,2,1.4,0.9,-0.08,0.48,0.49,0.71,0.65,0.63,0.64,0.67,0.66,0.75,0.75,0.65,0.59,0.65,0.76,0.66,0.7,0.94,1,1.03,2.7,0.98,0.97,0.82,0.69,1.67,1.76,0.02,1.41,2.14,0.74,1.05,1.01,1.04,0.39,0.51,0.73,-0.07,-0.08,-0.08,0.02
摩纳哥,0.71,0.73,,0.51,0.92,1.07,1.13,1.2,1.2,1.16,1.09,1.04,0.97,0.98,1.02,1.02,1.07,1.03,1.01,1.01,0.98,0.89,0.91,0.86,0.87,0.96,0.96,0.95,0.77,0.66,0.42,0.26,0.26,0.36,0.74,1.13,1.48,1.64,1.72,1.52,1.36,1.15,1.08,1.12,1.26,1.5,1.56,1.63,1.37,0.99
挪威,0.59,,,0.91,0.85,1.03,1.13,1.21,1.31,1.3,1.25,1.26,1.25,1.03,0.81,0.68,0.59,0.59,0.54,0.51,0.65,0.68,0.6,0.54,0.51,0.52,0.57,0.6,0.58,0.48,0.34,0.41,0.54,0.47,0.36,0.3,0.28,0.33,0.37,0.34,0.32,0.34,0.38,0.42,0.47,0.55,0.62,0.7,0.76,0.7
波兰,-0.18,-0.02,,0.02,-0.04,-0.07,-0.07,-0.06,0,0.05,-0.29,0.07,0.01,-0.05,-0.06,-0.04,-0.06,-0.07,-0.05,-0.03,-1.04,-0.01,0.04,0.07,0.08,0.14,0.21,0.25,0.31,0.35,0.39,0.36,0.41,0.56,0.68,0.8,0.9,0.94,0.92,0.91,0.92,0.8,0.79,0.96,1,0.99,0.96,0.91,0.83,0.36
罗马尼亚,-0.59,-0.53,-0.59,-0.58,-0.57,-0.47,-0.37,-0.37,-0.45,-0.25,-0.2,-0.15,-0.15,-0.19,-0.22,-0.23,-0.26,-0.28,-1.5,-1.4,-0.13,-0.16,-0.21,-0.29,-0.29,-0.2,-0.15,-0.14,-0.9,-0.87,0.17,0.45,0.47,0.39,0.46,0.44,0.3,0.33,0.45,0.77,0.69,0.63,0.89,0.94,1.2,1.25,0.93,0.86,0.96,1.04
圣马力诺,0.22,0.24,0.34,0.5,0.7,0.99,1.18,1.4,1.41,1.38,1.28,1.28,1.21,1.25,1.25,1.31,1.33,1.36,1.28,1.3,1.17,1.07,1.08,1.17,1.26,1.31,1.5,1.51,1.53,1.36,1.21,1.2,1.07,1.08,1.1,1.09,1.12,1.14,1.29,1.43,1.55,1.71,1.78,1.54,1.29,0.85,0.51,0.36,0.5,0.88
瑞典,0.72,1.01,,1.45,1.26,1.06,0.99,0.85,0.74,0.76,0.85,0.85,0.78,0.74,0.56,0.4,0.39,0.37,0.33,0.27,0.16,0.08,0.06,0.06,0.16,0.52,0.71,0.58,0.59,0.68,0.77,0.67,0.46,0.33,0.23,0.17,0.09,0.05,0.06,0.12,0.2,0.22,0.29,0.36,0.36,0.4,0.29,0.17,0.3,0.69
瑞士,0.71,0.71,,1.1,1.09,1.14,1.22,1.15,1.06,1.11,1.04,1.25,1.27,0.89,0.63,0.64,0.69,0.74,0.76,0.63,0.56,0.48,0.3,0.24,0.44,0.67,0.8,0.91,1.1,1.25,1.03,0.81,0.73,0.63,0.52,0.44,0.36,0.43,0.58,0.55,0.4,0.2,0.01,-0.34,-0.57,-0.04,0.54,0.74,0.76,0.52
爱沙尼亚,0.2,0.37,,-0.02,0.03,0.07,-0.26,-0.36,-0.36,-0.3,-0.23,-0.19,-0.27,-0.46,-0.59,-0.57,-0.6,-0.63,-0.63,-0.64,0.48,0.29,-0.96,-1.14,-1.48,-1.79,-2.14,-2.57,-1.82,-0.5,0.07,0.4,0.62,0.78,0.74,0.67,0.65,0.69,0.72,0.7,0.6,0.56,0.69,0.74,0.71,0.79,0.87,0.96,1.12,1.23
拉脱维亚,-0.7,-0.7,,-0.96,-0.91,-0.82,-0.94,-1.07,-1.24,-8.42,-0.7,-0.5,-0.44,-0.52,-0.55,-0.53,-0.54,-0.57,-0.7,-0.76,-0.73,-0.81,-0.94,-1,-1.13,-1.43,-1.67,-1.97,-1.38,-0.47,-0.14,0.51,1.02,1.02,0.81,0.65,0.63,0.59,0.46,0.31,0.23,0.32,0.52,0.57,0.6,0.77,0.88,0.84,0.81,0.73
立陶宛,0.03,-0.26,,-1.42,-1.27,-0.94,-0.86,-1.01,-1.34,-8.13,-1.59,-0.56,-0.52,-0.55,-0.59,-0.62,-0.54,-0.43,-0.35,-0.52,-0.7,-0.71,-0.72,-0.74,-0.76,-0.77,-0.69,-0.47,-0.11,0.17,0.37,0.8,1.06,1.04,0.97,0.86,0.83,0.81,0.7,0.58,0.45,0.54,0.73,0.79,0.81,0.84,0.9,0.95,1.08,1.25
格鲁吉亚,0.07,-0.17,,-0.06,0.06,-0.27,-1.31,-1.29,-1.3,-1.31,-1.32,-1.3,-1.28,-1.31,-1.3,-1.3,-0.62,-0.68,-0.67,-0.72,-0.77,-0.78,-0.98,-1.85,-2.52,-2.66,-1.01,0.77,0.77,0.7,-0.03,0.26,0.99,0.83,0.89,0.88,0.85,0.88,0.85,0.82,0.84,0.74,0.58,0.68,0.72,0.74,0.87,0.88,1.01,1.04
亚美尼亚,0.19,0.2,0.24,0.29,0.36,0.45,0.51,0.46,0.27,-0.03,-0.37,-0.67,-0.86,-0.87,-0.77,-0.65,-0.57,-0.53,-0.55,-0.62,-0.63,-0.63,-0.78,-1.12,-1.54,-2.04,-2.39,-2.34,-1.8,-0.93,0.05,0.9,1.52,1.74,1.67,1.52,1.44,1.4,1.44,1.55,1.65,1.71,1.79,1.88,1.99,2.1,2.22,2.32,2.4,2.45
阿塞拜疆,0.68,0.85,,1.07,1.12,1.19,1.25,1.29,1.33,1.3,1.19,2.08,2.1,1.13,1.1,1.02,0.87,0.76,0.75,0.77,0.82,0.88,0.95,0.96,1.01,1.16,1.35,1.52,1.51,1.33,0.68,1.65,1.68,1.68,1.67,1.65,1.62,1.6,1.59,1.59,1.59,1.59,1.6,1.62,1.65,1.69,1.74,1.8,1.89,2
白俄罗斯,-0.42,-0.2,-0.21,-0.11,0.09,0.13,0.06,-0.04,-0.16,-0.23,-0.22,-0.25,-0.35,-0.46,-0.61,-0.68,-0.68,-0.7,-0.64,-0.51,-0.47,-0.45,-0.45,-0.42,-0.34,-0.32,-0.12,0.22,0.22,0.05,0.19,0.3,0.29,0.67,0.68,0.65,0.68,0.68,0.68,0.69,0.61,0.62,0.65,0.55,0.47,0.53,0.65,0.74,0.8,0.83
摩尔多瓦,-1.68,-1.61,-1.72,-0.06,-0.06,-0.06,-0.06,-0.03,-0.01,-0.09,-0.1,-0.13,-0.19,-0.24,-0.27,-0.24,-0.25,-0.28,-0.23,-0.22,-0.2,-0.16,-0.19,-0.22,-0.2,-0.43,-0.27,-0.14,0.05,0.22,0.43,0.57,0.74,0.86,0.9,0.96,1.02,1.04,1.01,0.97,0.89,0.81,0.81,0.85,1.01,1.11,1.28,1.36,1.38,1.44
俄罗斯联邦,-0.23,-0.05,-0.01,0.11,0.17,0.19,0.22,0.21,0.17,0.08,0.04,0.03,-0.04,-0.17,-0.33,-0.38,-0.4,-0.45,-0.46,-0.42,-0.42,-0.31,-0.17,-0.17,-0.15,0.03,-0.12,-0.11,0.04,0.22,0.39,0.59,0.65,0.7,0.72,0.78,0.76,0.6,0.63,0.67,0.71,0.7,0.7,0.7,0.7,0.57,0.57,0.57,0.57,0.57
乌克兰,-0.57,-0.53,,-0.39,-0.33,-0.26,-0.48,-0.23,-0.25,-0.36,-0.4,-0.44,-0.54,-0.6,-0.68,-0.73,-0.76,-0.81,-0.99,-1.01,-1.01,-0.94,-0.89,-0.91,-0.89,-0.79,-0.5,0.06,0.29,0.21,0.23,0.49,0.44,0.38,0.35,0.32,0.38,0.36,0.32,0.51,0.44,0.45,0.48,0.52,0.57,0.62,0.68,0.71,0.73,0.73
南斯拉夫(塞尔维亚和黑山),,,,,,,,,,,,,,,,-0.25,-0.19,-0.25,-0.05,-0.16,-23.47,0.11,0.16,0.22,0.27,0.31,0.31,0.32,-0.42,-0.31,0.53,0.58,0.65,0.65,0.65,0.71,0.72,0.74,0.73,1.41,0.92,0.92,0.92,0.92,0.92,0.96,0.96,0.96,0.96,0.96
斯洛文尼亚,0.67,0.7,,0.08,0.07,0.08,0.1,0.14,0.21,0.21,0.44,0.9,0.16,0.56,0.32,0.17,0.06,0.06,0.12,0.16,0.3,0.07,-0.22,-0.13,-0.06,0.02,-0.12,-0.24,-0.15,0.06,0.09,0.06,0.27,1.2,1.24,0.49,0.51,0.63,0.2,0.27,0.99,1.07,1.09,1.21,1.48,0.98,0.53,0.82,0.8,0.78
克罗地亚,-0.43,-0.55,,-1.17,-0.7,-0.82,-0.41,-0.28,-0.31,-0.34,-0.26,-0.12,-0.03,-0.09,-0.05,0.07,-0.02,0,0,0.32,-2.85,1.17,-1.57,1.72,-3.82,0.41,0.22,3.73,-0.89,-5.81,0.27,0.21,0.36,0.38,0.45,0.45,0.45,0.52,0.58,0.43,0.37,0.33,0.53,0.04,0.35,0.38,0.42,0.47,0.49,0.54
捷克,0.24,0.39,,0.24,0.19,0.2,0.11,0.03,0.14,-0.23,0.31,0.6,0.87,0.63,0.32,0.19,0.08,0.02,-0.31,-0.35,-0.11,-0.1,-0.09,-0.11,-0.12,-0.06,0.04,0.1,0.1,-0.24,-0.27,0.06,0.08,0.05,0.05,0.07,0.06,0.09,0.14,-0.03,0.12,0.49,0.54,0.6,0.67,0.7,0.66,0.55,0.41,-0.32
斯洛伐克,0.09,0.14,,0.17,0.13,0.1,0.1,0.11,0.17,-0.59,0.21,0.22,0.17,0.11,0.08,0.08,0.05,0.01,0,-0.18,-0.14,0.1,0.13,0.18,0.21,0.29,0.39,0.38,0.03,0.08,0.44,0.48,0.53,0.56,0.62,0.67,0.69,0.73,0.77,0.73,0.82,0.99,1.02,1.06,1.06,1.05,1.03,0.97,0.86,0.42
前南马其顿,,,,0.09,0.09,0.09,0.08,0.08,0.08,0.08,0.08,0.08,0.09,0.11,0.14,0.16,0.18,0.22,0.3,0.39,0.51,0.61,0.62,0.51,0.31,0.08,-0.12,-0.23,-0.23,-0.15,-0.03,0.07,0.16,0.24,0.3,0.36,0.43,0.54,0.7,0.9,1.12,1.32,1.43,1.39,1.24,1.04,0.87,0.8,0.88,1.08
波黑,-0.61,-0.69,-0.83,-1.03,-1.26,-1.53,-1.72,-1.75,-1.55,-1.2,-0.82,-0.49,-0.23,-0.07,0,0.03,0.05,0.07,0.1,0.12,0.21,0.24,-0.05,-0.76,-1.7,-2.77,-3.55,-3.72,-3.15,-2.13,-0.99,-0.04,0.67,0.98,0.99,0.95,0.99,1,1.01,1.01,0.99,0.93,0.91,0.94,1,1.08,1.15,1.19,1.2,1.18
塞尔维亚,-0.67,-0.54,,-0.51,-0.52,-0.49,-0.47,-0.49,-0.49,-0.79,-0.4,-0.4,-0.43,-0.41,-0.39,-0.3,-0.23,-0.21,-0.09,-0.17,-0.32,-0.36,-0.38,-0.28,-0.1,-1.42,0.46,0.69,0.67,0.13,0.07,0.12,0.19,0.29,0.43,0.2,0.28,0.38,0.47,0.58,0.41,0.48,0.54,0.61,0.71,0.49,0.52,0.54,0.57,0.59
黑山,-0.12,-0.03,,0.03,0.02,0.06,0.1,0.1,0.08,0.11,0.18,0.21,0.18,0.14,0.12,0.15,0.18,0.4,0.4,0.4,-0.03,-0.42,-0.31,-0.24,-0.12,0.05,0.2,0.27,0.23,0.12,-0.03,-0.14,-0.12,0.07,0.38,0.75,1.07,1.27,1.3,1.19,1,0.85,0.8,0.9,1.11,1.4,1.62,1.6,1.22,0.59
海峡群岛,0.92,1.03,1.08,1.04,0.92,0.78,0.65,0.61,0.66,0.79,0.96,1.11,1.16,1.07,0.87,0.63,0.43,0.32,0.33,0.44,0.6,0.72,0.76,0.72,0.6,0.43,0.32,0.28,0.38,0.56,0.78,0.96,1.08,1.12,1.07,1.02,0.98,0.9,0.76,0.61,0.4,0.23,0.16,0.22,0.39,0.59,0.77,0.89,0.98,0.99
法罗群岛,0.39,0.37,0.35,0.32,0.25,0.19,0.13,0.12,0.06,0.03,-0.02,-0.02,-0.01,0.07,0.13,0.27,0.34,0.43,0.5,0.56,0.67,0.72,0.66,0.36,0,-0.49,-0.93,-1.01,-0.8,-0.32,0.25,0.69,1.06,1.15,1.06,0.96,0.92,0.86,0.86,0.89,0.92,0.94,0.96,0.98,1.04,1.08,1.11,1.2,1.16,1.14
马恩岛,0.52,0.61,0.55,0.38,0.08,-0.31,-0.59,-0.65,-0.42,0.04,0.56,1.03,1.34,1.37,1.23,0.97,0.8,0.71,0.78,0.99,1.24,1.4,1.46,1.32,1.04,0.66,0.32,0.24,0.47,0.9,1.47,1.95,2.16,1.94,1.43,0.73,0.18,-0.11,-0.02,0.36,0.82,1.22,1.5,1.58,1.49,1.37,1.29,1.3,1.43,1.65
加拿大,1.15,1.44,1.41,1.2,1.2,0.83,1.08,1.15,1.18,1.04,1.18,1.22,1.18,1.07,0.81,0.99,1,1,0.9,1.01,0.88,0.83,0.87,1.06,1.08,0.83,0.96,1.09,1.23,1.36,1.49,1.78,1.29,1.31,1,0.93,0.96,1,1.21,1.24,1.29,1,1,1.18,1.32,1.89,1.79,1.69,1.6,1.5
美国,0.96,0.46,0.53,0.63,0.72,0.74,0.73,0.69,0.73,0.73,0.83,0.88,0.95,0.95,0.96,0.92,0.93,0.86,0.93,0.99,1.11,1.15,1.17,1.2,1.16,1.19,1.23,1.32,1.39,1.34,1.13,0.94,0.91,0.89,0.92,0.89,0.87,0.91,0.95,0.98,0.96,1.1,1.06,1.01,0.95,0.99,0.91,0.95,1.07,1.26
格陵兰,0.25,,-0.26,-0.03,0.13,-0.32,-0.33,-0.58,-0.14,-0.11,1.03,-0.01,-0.4,-0.39,-0.28,0.04,0.26,0.28,0.46,0.27,0.18,0,0.18,0.18,0.18,0.54,0.54,-0.18,-0.36,-0.18,0.54,0.91,1.29,1.12,0.56,0.94,1.15,1.16,0.98,1.58,1.2,0.81,-0.41,-0.61,0.2,0.2,1.02,1.44,2.3,1.71
百慕大,-0.03,-0.01,0.07,-1.06,-1.05,0.15,0.21,0.31,0.36,-0.86,-0.78,0.55,0.59,0.56,0.57,0.65,0.65,0.65,0.65,1.08,0.89,0.56,0.73,0.61,0.64,0.72,0.69,0.54,-0.72,-0.52,0.82,0.84,0.86,0.81,0.85,0.84,0.88,0.86,0.72,0.69,1.6,0.37,0.37,0.38,0.38,-0.75,-0.75,-0.74,-0.74,-0.73
关岛,0.89,0.92,0.9,0.81,0.68,0.52,0.37,0.27,0.19,0.16,0.13,0.12,0.12,0.13,0.15,0.2,0.23,0.35,0.5,0.69,0.88,1.1,1.3,1.5,1.7,1.91,2.12,2.26,2.32,2.33,2.29,2.26,2.23,2.24,2.25,2.28,2.26,2.27,2.25,2.23,2.23,2.19,2.18,2.17,2.15,2.14,2.12,2.12,2.14,2.19
北马里亚纳群岛,0.6,0.57,0.59,0.65,0.73,0.86,0.94,0.88,0.54,0.08,-0.41,-0.78,-1.08,-1.21,-1.18,-1.22,-1.24,-0.79,0.16,1.5,3.22,4.85,5.72,5.2,3.53,1.12,-0.88,-1.54,-0.41,1.97,4.95,7.75,10.24,11.63,11.99,11.9,11.96,11.51,10.42,8.83,6.16,3.07,0.78,0.17,0.71,1.66,2.41,3.11,3.38,3.2
美属维尔京群岛,-0.36,-0.31,-0.26,-0.22,-0.18,-0.16,-0.15,-0.14,-0.09,-0.06,-0.04,0.01,0.06,-0.03,-0.08,-0.01,-0.04,0,-0.04,-0.09,0.04,0.06,0.17,0.24,0.26,0.46,0.69,0.82,0.86,0.81,2.85,0.09,0.05,0.06,0.08,0.16,0.25,0.28,0.22,0.22,3.53,0.26,2.88,-3.13,1.76,4.93,6.69,9.73,7.31,11.11
澳大利亚,1.28,1.52,,1.59,1.5,1.46,1.54,1.76,1.79,1.39,1.56,1.83,1.74,1.52,1.48,1.32,1.16,1.23,1.22,1.35,1.2,1.15,1.05,1.13,1.32,1.22,1.06,0.99,1.22,1.27,1.48,1.69,1.64,1.52,1.64,1.37,1.13,1.25,1.67,1.59,1.22,1.08,1.16,1.13,1,1.23,2.53,1.53,1.84,3.38
斐济,0.73,0.73,0.68,0.58,0.43,0.25,0.1,0.06,0.19,0.42,0.72,0.97,1.09,1,0.76,0.46,0.22,0.1,0.16,0.36,0.58,0.77,0.93,1.06,1.15,1.27,1.4,1.4,1.23,0.93,0.55,0.23,0.16,0.44,0.96,1.6,2.16,2.54,2.61,2.44,2.18,1.98,1.84,1.81,1.88,1.96,2.01,2.06,2.09,2.1
瑙鲁,0.65,0.8,0.95,0.98,0.96,0.82,0.79,0.71,0.66,0.6,0.64,0.66,0.34,0.19,-0.21,-0.59,-0.84,-1.11,-1.15,-1.13,-1.1,-1.12,-0.72,-0.32,0.48,1.23,2.01,1.8,2.67,2.7,2.46,2.37,2.12,2.15,2.07,2.02,2.04,1.82,1.83,1.54,1.63,1.6,1.46,1.53,1.47,1.63,1.9,1.91,1.92,1.75
新喀里多尼亚,0.24,0.24,0.24,0.24,0.24,0.24,1.66,1.78,1.81,1.83,1.53,1.31,1.45,1.47,1.5,1.52,1.52,1.7,1.9,1.9,1.9,1.9,1.9,1.93,1.92,2.26,2.67,2.58,2.5,2.58,2.37,1.97,1.94,1.98,1.86,1.83,1.96,2.04,2.12,1.84,1.11,0.72,1.1,1.48,1.13,1.14,1.93,2.36,4.48,6.9
瓦努阿图,2.39,2.43,2.48,2.54,2.62,2.71,2.79,2.82,2.78,2.69,2.56,2.44,2.36,2.34,2.41,2.5,2.56,2.56,2.46,2.27,2.02,1.82,1.74,1.84,2.09,2.43,2.71,2.9,2.91,2.79,2.61,2.47,2.36,2.29,2.28,2.28,2.26,2.29,2.38,2.52,2.68,2.84,2.96,3.06,3.09,3.14,3.17,3.19,3.12,3.04
新西兰,2.2,1.59,1.79,2.09,2.25,2.04,1.66,0.77,0.55,0.76,1.11,1,0.85,0.93,1.22,1.13,1.49,1.97,1.74,0.59,0.59,0.53,0.89,1.31,1.58,1.46,1.33,1.14,1.04,1.36,0.92,0.48,0.27,0.86,-0.02,0.62,0.87,1.36,0.99,0.38,0.13,-0.39,0.03,0.31,0.88,1.95,2.09,1.96,1.77,1.49
巴布亚新几内亚,1.93,1.95,1.97,1.99,2,2.01,2.01,2.04,2.1,2.19,2.29,2.39,2.43,2.4,2.31,2.19,2.08,2.03,2.05,2.15,2.27,2.38,2.45,2.46,2.42,2.37,2.33,2.31,2.32,2.35,2.39,2.42,2.46,2.5,2.55,2.61,2.66,2.7,2.7,2.68,2.64,2.61,2.57,2.54,2.51,2.48,2.44,2.41,2.38,2.36
所罗门群岛,2.51,2.57,2.61,2.64,2.67,2.7,2.72,2.71,2.65,2.56,2.43,2.32,2.26,2.27,2.35,2.45,2.55,2.63,2.67,2.7,2.72,2.75,2.78,2.8,2.81,2.82,2.84,2.84,2.83,2.82,2.8,2.77,2.79,2.84,2.93,3.04,3.14,3.24,3.31,3.36,3.4,3.44,3.5,3.57,3.66,3.74,3.82,3.84,3.77,3.63
汤加,1.14,1.25,1.17,0.85,0.36,-0.24,-0.73,-0.95,-0.8,-0.41,0.08,0.49,0.78,0.84,0.8,0.69,0.62,0.57,0.55,0.53,0.5,0.45,0.43,0.37,0.31,0.24,0.19,0.17,0.16,0.18,0.23,0.27,0.29,0.25,0.2,0.11,0.06,0.11,0.24,0.48,0.75,1.02,1.19,1.15,1.02,0.84,0.72,0.73,0.97,1.35
萨摩亚,0.67,0.49,0.39,0.42,0.53,0.67,0.79,0.85,0.86,0.82,0.75,0.7,0.67,0.65,0.64,0.63,0.63,0.61,0.58,0.54,0.49,0.44,0.45,0.52,0.65,0.8,0.94,0.98,0.9,0.74,0.53,0.35,0.25,0.26,0.35,0.47,0.57,0.62,0.61,0.57,0.5,0.49,0.5,0.56,0.66,0.77,0.89,1.06,1.29,1.57
基里巴斯,1.55,1.51,1.47,1.43,1.43,1.4,1.38,1.43,1.54,1.74,1.96,2.17,2.28,2.29,2.17,1.99,1.85,1.74,1.69,1.69,1.72,1.72,1.69,1.61,1.52,1.36,1.26,1.25,1.45,1.78,2.16,2.52,2.7,2.62,2.34,1.96,1.62,1.38,1.3,1.35,1.4,1.47,1.49,1.49,1.46,1.43,1.44,1.47,1.52,1.62
图瓦卢,1.17,1.3,1.22,1.18,1.19,1.14,1.14,0.97,1.1,0.99,1.03,0.95,0.94,0.99,1.2,1.27,1.5,1.36,1.21,0.91,0.51,0.13,0.04,0.12,0.2,0.42,0.7,0.92,1.06,1.16,1.39,1.72,1.82,1.66,1.57,1.24,0.85,1.13,1.6,2.51,3.66,4.72,5.39,5.11,4.12,2.69,1.43,0.57,0.28,0.52
密克罗尼西亚,1.06,1.03,1.05,1.12,1.21,1.33,1.43,1.35,1.02,0.52,-0.05,-0.56,-0.86,-0.89,-0.72,-0.46,-0.26,-0.12,-0.13,-0.22,-0.34,-0.4,-0.25,0.15,0.72,1.41,2.03,2.45,2.6,2.54,2.36,2.23,2.2,2.34,2.61,2.9,3.13,3.3,3.38,3.35,3.38,3.34,3.15,2.64,1.94,1.06,0.3,-0.01,0.3,1.09
马绍尔群岛,0.68,0.65,0.62,0.57,0.48,0.46,0.44,0.39,0.33,0.29,0.19,0.16,0.21,0.5,0.92,1.42,1.87,2.07,1.84,1.29,0.66,0.12,-0.19,-0.14,0.14,0.48,0.77,1.18,1.72,2.38,3.09,3.86,4.46,4.75,4.79,4.72,4.71,4.55,4.44,4.19,3.86,3.52,3.3,3.45,3.72,4.19,4.55,4.83,4.72,4.37
帕劳,0.5,0.5,0.57,0.51,0.3,0.23,0.12,-0.18,-0.64,-1.15,-1.85,-2.26,-2.38,-1.99,-1.22,-0.39,0.25,0.86,1.29,1.49,1.75,1.96,2.16,2.34,2.54,2.5,2.73,2.65,2.66,2.48,2.41,2.09,1.96,2.05,2.2,2.57,2.67,2.55,1.92,0.84,-0.43,-1.44,-1.89,-1.48,-0.49,0.58,1.56,2.27,2.39,2.08
法属波利尼西亚,0.58,0.58,0.57,0.56,0.53,0.52,0.51,0.5,0.48,0.47,0.45,0.45,0.51,0.65,0.86,1.08,1.29,1.49,1.64,1.75,1.87,1.99,2.05,2.02,1.93,1.79,1.67,1.63,1.71,1.89,2.11,2.31,2.47,2.6,2.67,2.73,2.82,2.89,2.95,2.99,3.02,3.05,3.08,3.15,3.25,3.34,3.43,3.49,3.48,3.46
阿尔及利亚,1.84,1.93,2.01,2.04,2.05,2.05,2.03,2,1.95,1.88,1.81,1.72,1.64,1.55,1.47,1.39,1.32,1.28,1.28,1.31,1.36,1.42,1.5,1.62,1.75,1.91,2.07,2.22,2.35,2.46,2.57,2.68,2.78,2.87,2.95,3.02,3.09,3.12,3.12,3.09,3.03,2.97,2.91,2.87,2.84,2.8,2.76,2.73,2.74,2.78
安哥拉,3.22,3.24,3.28,3.32,3.38,3.44,3.5,3.55,3.6,3.63,3.67,3.7,3.71,3.68,3.62,3.54,3.45,3.38,3.33,3.3,3.28,3.25,3.23,3.22,3.21,3.22,3.23,3.25,3.28,3.32,3.38,3.43,3.48,3.51,3.53,3.55,3.56,3.57,3.55,3.52,3.45,3.37,3.35,3.43,3.57,3.81,3.99,3.9,3.38,2.53
贝宁,2.69,2.72,2.73,2.75,2.76,2.77,2.78,2.79,2.8,2.8,2.81,2.81,2.82,2.85,2.9,2.95,3.01,3.04,3.04,3.02,2.98,2.95,2.96,3.03,3.15,3.29,3.43,3.5,3.48,3.38,3.23,3.1,2.99,2.93,2.9,2.89,2.85,2.82,2.78,2.73,2.69,2.65,2.6,2.54,2.48,2.41,2.34,2.28,2.23,2.18
博茨瓦那,2.06,2.18,2.2,2.07,1.83,1.53,1.26,1.12,1.19,1.41,1.71,1.96,2.12,2.13,2.03,1.88,1.78,1.73,1.77,1.89,2.03,2.16,2.27,2.34,2.39,2.42,2.47,2.58,2.77,3.03,2.82,3.63,3.84,3.88,3.79,3.63,3.48,3.4,3.43,3.56,3.72,3.84,3.91,3.89,3.79,3.66,3.53,3.36,3.16,2.93
布隆迪,3.08,3.13,3.17,3.18,3.18,3.16,3.14,3.13,3.16,3.21,3.26,3.29,3.3,3.29,3.25,3.22,3.17,3.01,2.7,2.27,1.77,1.31,1.03,1.02,1.21,1.48,1.73,1.96,2.14,2.29,2.45,2.64,2.78,2.83,2.82,2.77,2.71,2.65,2.62,2.59,2.58,2.55,2.43,2.19,1.87,1.48,1.14,0.99,1.12,1.45
喀麦隆,2.55,2.58,2.61,2.64,2.66,2.68,2.7,2.72,2.73,2.74,2.75,2.75,2.75,2.74,2.73,2.71,2.69,2.67,2.66,2.64,2.62,2.61,2.61,2.64,2.69,2.75,2.81,2.88,2.85,2.99,3.05,3.11,3.16,3.18,3.17,3.16,3.14,3.11,3.08,3.05,3.01,2.97,2.92,2.87,2.82,2.77,2.72,2.67,2.62,2.57
佛得角,1.09,1.13,1.16,1.19,1.21,1.24,1.27,1.28,1.27,1.25,1.22,1.2,1.21,1.25,1.32,1.4,1.48,1.56,1.65,1.74,1.82,1.91,2.02,2.18,2.37,2.59,2.79,2.85,2.72,2.42,2.02,1.66,1.42,1.42,1.57,1.79,1.95,2.01,1.91,1.69,1.46,1.28,1.04,0.73,0.41,0,-0.31,-0.28,0.19,0.99
中非,1.77,1.67,1.52,1.28,0.99,0.65,0.36,0.26,0.4,0.72,1.13,1.49,1.78,1.92,1.95,1.96,2.01,2.06,2.13,2.22,2.29,2.35,2.42,2.51,2.62,2.76,2.88,2.89,2.77,2.52,2.2,1.9,1.77,1.87,2.16,2.54,2.87,3.08,3.08,2.92,2.7,2.51,2.31,2.13,1.95,1.75,1.55,1.44,1.47,1.61
乍得,2.96,2.99,3.02,3.08,3.14,3.22,3.3,3.35,3.37,3.36,3.33,3.31,3.32,3.39,3.51,3.65,3.78,3.86,3.86,3.79,3.68,3.58,3.49,3.42,3.38,3.32,3.25,3.21,3.19,3.2,3.23,3.24,3.21,3.11,2.94,2.74,2.56,2.39,2.26,2.16,2.05,1.95,1.91,1.95,2.05,2.19,2.33,2.4,2.36,2.24
科摩罗,2.17,2.21,2.24,2.27,2.31,2.35,2.38,2.41,2.42,2.42,2.41,2.41,2.4,2.4,2.39,2.38,2.37,2.38,2.41,2.47,2.52,2.58,2.64,2.69,2.75,2.8,2.85,2.89,2.92,2.94,2.95,2.96,2.96,2.93,2.89,2.82,2.75,2.76,2.89,3.13,3.43,3.71,3.81,3.67,3.32,2.83,2.39,2.06,1.93,1.98
刚果（布）,2.53,2.56,2.58,2.57,2.54,2.48,2.44,2.47,2.59,2.79,3.05,3.28,3.43,3.44,3.32,3.08,2.99,2.87,2.83,2.85,2.89,2.9,2.9,2.88,2.85,2.82,2.79,2.77,2.75,2.74,2.73,2.73,2.73,2.75,2.79,2.83,2.87,2.91,2.92,2.92,2.91,2.91,2.91,2.92,2.93,2.95,2.95,2.95,2.93,2.9
吉布提,1.47,1.51,1.56,1.6,1.64,1.69,1.73,1.73,1.68,1.59,1.48,1.39,1.34,1.36,1.43,1.5,1.56,1.68,1.88,2.13,2.48,2.83,2.92,2.64,2.08,1.28,0.62,0.56,1.34,2.75,4.6,6.38,7.59,7.62,6.54,4.71,3.06,2.19,2.72,4.35,6.59,8.72,10.44,11.01,10.32,8.85,7.39,6.13,5.66,5.9
埃及,1.92,1.98,2.03,2.09,2.15,2.21,2.26,2.27,2.21,2.11,1.98,1.86,1.78,1.75,1.77,1.81,1.83,1.86,1.88,1.9,1.85,1.97,2,2.01,2.01,2.01,2.01,2.05,2.14,2.27,2.43,2.57,2.67,2.71,2.69,2.65,2.62,2.58,2.53,2.5,2.43,2.37,2.32,2.27,2.24,2.21,2.18,2.18,2.21,2.29
赤道几内亚,3.41,3.53,3.65,3.78,3.91,4.04,4.17,4.29,4.39,4.48,4.56,4.63,4.65,4.63,4.56,4.44,4.32,4.21,4.14,4.12,4.11,4.08,4.03,3.92,3.77,3.62,3.5,3.38,3.28,3.21,3.02,2.91,3.08,3.71,4.69,6.02,7.3,7.96,7.39,5.62,3.23,0.95,-1.03,-2.37,-3.11,-3.82,-4.38,-4.18,-3.18,-1.7
埃塞俄比亚,2.54,2.58,2.62,2.66,2.71,2.76,2.8,2.83,2.83,2.81,2.78,2.76,2.74,2.75,2.77,2.8,2.83,2.85,2.87,2.88,2.88,2.89,2.94,3.03,3.17,3.33,3.48,3.58,3.59,3.53,3.43,3.33,3.24,3.2,3.18,3.19,3.18,3.05,2.77,2.37,1.88,1.44,1.23,1.35,1.71,2.19,2.62,2.93,3,2.89
加蓬,2.42,2.48,2.6,2.8,3.04,3.34,3.61,3.78,3.79,3.66,3.46,3.26,3.07,2.92,2.81,2.68,2.53,2.43,2.38,2.39,2.41,2.45,2.49,2.52,2.55,2.59,2.63,2.68,2.71,2.73,2.75,2.77,2.78,2.76,2.74,2.69,2.65,2.6,2.55,2.5,2.45,2.39,2.31,2.22,2.12,2,1.88,1.82,1.83,1.9
冈比亚,2.9,2.92,2.95,2.97,2.99,3.01,3.03,3.03,3.03,3.02,3,2.97,2.97,3,3.04,3.11,3.16,3.2,3.2,3.16,3.13,3.1,3.08,3.08,3.1,3.09,3.1,3.2,3.45,3.81,4.27,4.72,4.98,4.92,4.57,4.06,3.58,3.21,3.07,3.14,3.27,3.33,3.37,3.34,3.25,3.15,3.07,3,2.95,2.91
加纳,2.13,2.16,2.19,2.22,2.25,2.27,2.29,2.32,2.37,2.42,2.49,2.54,2.58,2.58,2.55,2.52,2.48,2.46,2.45,2.45,2.45,2.45,2.47,2.52,2.6,2.69,2.79,2.86,2.89,2.9,2.88,2.87,2.87,2.9,2.94,3,3.05,3.01,2.85,2.61,2.29,2.01,1.86,1.91,2.11,2.4,2.66,2.82,2.82,2.69
几内亚,2.79,2.83,2.83,2.76,2.64,2.49,2.34,2.24,2.2,2.22,2.26,2.29,2.29,2.24,2.15,2.04,1.95,1.93,1.99,2.12,2.28,2.44,2.56,2.62,2.64,2.63,2.63,2.66,2.73,2.83,2.95,3.05,3.07,3.01,2.86,2.67,2.49,2.3,2.14,1.99,1.84,1.69,1.58,1.52,1.5,0.44,0.49,1.55,1.59,1.63
几内亚比绍,2.42,2.46,2.49,2.53,2.57,2.61,2.64,2.66,2.65,2.62,2.57,2.52,2.48,2.44,2.4,2.37,2.33,2.27,2.2,2.12,2.03,1.95,1.91,1.93,2,2.09,2.17,2.24,2.26,2.26,2.23,2.2,2.2,2.24,2.31,2.55,2.51,2.42,2.07,1.54,0.89,0.33,0.05,0.17,0.58,1.09,1.53,1.85,1.95,1.89
科特迪瓦,2.54,2.55,2.55,2.55,2.54,2.52,2.5,2.48,2.44,2.39,2.33,2.29,2.24,2.2,2.16,2.11,2.09,2.11,2.22,2.39,2.6,2.8,2.99,3.13,3.22,3.32,3.43,3.52,3.58,3.6,3.61,3.61,3.64,3.72,3.85,3.99,4.13,4.24,4.33,4.38,4.42,4.47,4.5,4.55,4.6,4.65,4.68,4.65,4.54,4.35
肯尼亚,2.25,2.27,2.31,2.36,2.42,2.49,2.56,2.62,2.66,2.69,2.72,2.75,2.77,2.77,2.76,2.74,2.72,2.71,2.71,2.73,2.75,2.77,2.8,2.85,2.91,2.99,3.07,3.15,3.23,3.3,3.38,3.47,3.54,3.62,3.68,3.75,3.8,3.85,3.87,3.86,3.85,3.82,3.8,3.78,3.76,3.74,3.71,3.68,3.63,3.58
利比里亚,2.41,2.43,2.45,2.49,2.53,2.55,2.58,2.69,2.9,3.19,3.59,3.97,4.13,3.98,3.39,2.6,1.89,1.72,2.37,3.64,5.36,6.99,7.9,7.39,5.51,2.89,0.49,-1.25,-1.91,-1.74,-1.46,-1.31,-0.9,-0.24,0.59,1.6,2.61,3.35,3.62,3.49,3.22,3.02,2.84,2.78,2.8,2.8,2.73,2.66,2.6,2.54
利比亚,1.38,1.47,1.48,1.35,1.14,0.88,0.66,0.55,0.61,0.8,1.03,1.23,1.4,1.48,1.51,1.54,1.58,1.6,1.6,1.58,1.54,1.51,1.53,1.61,1.75,1.92,2.08,2.22,2.32,2.4,2.46,2.54,2.66,2.84,3.07,3.34,3.59,3.78,3.89,3.91,3.89,3.87,3.88,3.95,4.06,4.18,4.27,4.34,4.36,4.34
马达加斯加,2.64,2.66,2.67,2.68,2.69,2.69,2.7,2.71,2.73,2.76,2.79,2.82,2.86,2.89,2.92,2.95,2.99,3.02,3.05,3.09,3.12,3.15,3.16,3.15,3.12,3.08,3.04,3,2.96,2.92,2.89,2.85,2.82,2.82,2.83,2.85,2.87,2.88,2.89,2.88,2.87,2.87,2.86,2.85,2.84,2.82,2.8,2.78,2.75,2.72
马拉维,2.65,2.64,2.64,2.67,2.71,2.76,2.8,2.84,2.86,2.86,2.87,2.87,2.85,2.8,2.72,2.6,2.48,2.42,2.43,2.51,2.68,2.82,2.76,2.39,1.8,1.01,0.36,0.25,0.89,2.06,3.56,4.96,5.91,6.01,5.33,4.27,3.31,2.69,2.37,2.56,2.84,2.98,3.08,3.06,2.94,2.82,2.74,2.68,2.65,2.63
马里,2.97,3,3.01,3,2.98,2.94,2.9,2.9,2.95,3.04,3.16,3.26,3.33,3.34,3.29,3.23,3.17,3.1,3.02,2.93,2.81,2.69,2.6,2.58,2.59,2.65,2.69,2.64,2.46,2.17,1.83,1.52,1.35,1.37,1.53,1.77,1.96,2.1,2.11,2.02,1.9,1.82,1.75,1.74,1.75,1.77,1.78,1.75,1.69,1.59
毛里塔尼亚,2.7,2.74,2.78,2.82,2.86,2.89,2.93,2.95,2.95,2.95,2.93,2.91,2.88,2.87,2.86,2.85,2.83,2.81,2.76,2.71,2.64,2.58,2.54,2.52,2.53,2.54,2.56,2.58,2.59,2.6,2.61,2.63,2.66,2.7,2.75,2.81,2.86,2.91,2.93,2.93,2.93,2.93,2.93,2.93,2.95,2.95,2.96,2.97,2.98,3
毛里求斯,0,,,0.09,0.07,0.13,0.18,0.22,0.28,0.16,0.24,0.27,0.36,0.46,0.47,0.59,0.63,0.72,0.69,0.79,0.98,1.27,1.05,1.25,1.02,0.86,1.4,1.19,1.32,1.08,0.71,0.77,0.69,0.75,0.76,0.82,1.05,0.92,1.22,1.48,1.69,1.74,1.31,1.63,1.61,1.58,1.52,1.49,1.52,1.59
摩洛哥,1.2,1.22,1.25,1.29,1.33,1.37,1.4,1.42,1.39,1.35,1.29,1.24,1.19,1.16,1.14,1.12,1.11,1.11,1.12,1.15,1.18,1.22,1.27,1.35,1.43,1.53,1.63,1.71,1.77,1.81,1.84,1.87,1.93,2.01,2.12,2.23,2.33,2.41,2.43,2.42,2.39,2.37,2.33,2.29,2.24,2.18,2.12,2.08,2.09,2.14
莫桑比克,2.89,2.91,2.91,2.9,2.87,2.83,2.8,2.77,2.75,2.75,2.74,2.74,2.75,2.78,2.82,2.89,2.95,2.98,2.93,2.84,2.68,2.53,2.51,2.7,3.04,3.52,3.94,4.01,3.52,2.59,1.41,0.38,-0.22,-0.17,0.35,1.01,1.57,2.03,2.3,2.4,2.51,2.68,2.78,2.78,2.71,2.57,2.43,2.33,2.29,2.3
纳米比亚,1.84,1.87,1.88,1.87,1.85,1.81,1.77,1.75,1.75,1.77,1.8,1.83,1.82,1.77,1.69,1.59,1.51,1.48,1.52,1.61,1.73,1.84,1.96,2.06,2.16,2.24,2.33,2.48,2.71,2.99,3.33,3.63,3.79,3.71,3.43,3.04,2.67,2.37,2.21,2.17,2.14,2.08,2.1,2.22,2.42,2.68,2.93,3.09,3.11,3
尼日尔,3.77,3.79,3.82,3.84,3.86,3.88,3.9,3.91,3.9,3.88,3.84,3.81,3.78,3.76,3.74,3.73,3.71,3.69,3.66,3.64,3.61,3.58,3.55,3.52,3.48,3.45,3.42,3.37,3.3,3.21,3.12,3.02,2.95,2.91,2.89,2.89,2.88,2.88,2.88,2.88,2.88,2.9,2.9,2.88,2.85,2.82,2.79,2.77,2.77,2.78
尼日利亚,2.54,2.56,2.59,2.61,2.63,2.65,2.67,2.68,2.68,2.68,2.67,2.66,2.65,2.63,2.61,2.59,2.56,2.54,2.52,2.51,2.5,2.5,2.49,2.49,2.49,2.49,2.49,2.5,2.52,2.55,2.58,2.61,2.63,2.63,2.6,2.56,2.53,2.53,2.6,2.71,2.85,2.97,3.03,2.99,2.87,2.71,2.57,2.44,2.36,2.32
卢旺达,2.54,2.61,2.64,2.64,2.6,2.54,2.49,2.45,2.46,2.5,2.66,2.68,2.67,2.52,2.27,1.82,1.43,1.53,2.35,3.68,5.6,7.45,8.12,6.55,2.98,-1.69,-5.37,-6.77,-5.54,-2.85,0.16,2.63,4.45,5.09,4.72,4.05,3.66,3.33,3.24,3.36,3.44,3.39,3.33,3.26,3.19,3.1,3,2.95,2.95,2.99
圣多美和普林西比,1.89,1.89,1.89,1.88,1.88,1.88,1.88,1.94,2.08,2.27,2.52,2.74,2.86,2.82,2.63,2.4,2.19,1.98,1.84,1.74,1.63,1.52,1.48,1.51,1.6,1.73,1.84,1.98,2.13,2.27,2.46,2.64,2.71,2.6,2.36,2.02,1.73,1.58,1.73,2.04,2.46,2.83,3.07,3.03,2.78,2.42,2.1,1.95,2.06,2.35
塞内加尔,2.71,2.75,2.78,2.8,2.81,2.81,2.81,2.8,2.79,2.77,2.74,2.71,2.68,2.64,2.6,2.56,2.52,2.48,2.44,2.4,2.37,2.34,2.35,2.42,2.53,2.67,2.81,2.92,2.98,3,3,3.01,3.02,3.03,3.03,3.04,3.04,3,2.91,2.78,2.61,2.46,2.39,2.42,2.55,2.73,2.89,3,3.04,3.01
塞舌尔,0.85,,,1.22,1.34,2.23,1.56,1.85,0.98,-0.61,-0.89,0.39,2.24,0.51,2.08,0.46,-0.37,-1.13,3.06,0.09,0.89,1.96,1.96,1.17,1.47,1.47,2.67,2.08,0.46,1.33,0.49,0.6,0.37,4.25,0.62,0.81,0.59,-0.12,0.59,1.22,0.91,0.86,0.59,2.1,2.02,2.31,1.82,1.53,2.41,2.02
塞拉利昂,2.07,2.11,2.14,2.15,2.16,2.18,2.21,2.23,2.25,2.27,2.25,2.24,2.38,2.71,3.2,3.82,4.38,4.63,4.36,3.63,2.7,1.83,1.06,0.52,0.2,-0.14,-0.44,-0.43,-0.02,0.67,1.52,2.33,2.89,3.05,2.88,2.6,2.39,2.23,2.17,2.21,2.24,2.22,2.19,2.17,2.13,2.1,2.06,2.03,1.99,1.94
索马里,2.87,2.86,2.83,2.8,2.78,2.75,2.72,2.7,2.7,2.72,2.75,2.77,2.82,2.9,2.99,3.08,3.16,3.25,3.37,3.48,3.66,3.8,3.7,3.25,2.52,1.6,0.77,0.28,0.29,0.68,1.28,1.81,2.06,1.85,1.32,0.51,-0.06,0.16,1.48,3.6,6.38,9.2,11.27,11.53,9.78,6.59,3.37,0.94,0.21,0.8
南非,1.27,1.32,1.36,1.42,1.47,1.53,1.58,1.6,1.58,1.52,1.46,1.39,1.33,1.29,1.26,1.24,1.22,1.22,1.26,1.33,1.41,1.49,1.6,1.75,1.92,2.13,2.32,2.45,2.5,2.47,2.39,2.33,2.31,2.37,2.47,2.6,2.7,2.76,2.75,2.68,2.59,2.5,2.45,2.46,2.52,2.58,2.64,2.68,2.68,2.66
西撒哈拉,,,,,,,,,,,,,,,,2.25,2.27,2.31,2.31,2.4,2.49,2.52,2.55,2.58,2.63,2.63,2.65,2.1,2.76,2.8,2.88,2.92,2.96,2.97,2.96,2.93,2.93,2.93,2.95,2.98,3.11,3.04,3.04,3.01,2.95,2.86,2.78,2.72,2.69,2.68
苏丹,2.39,2.39,2.39,2.4,2.4,2.41,2.41,2.4,2.36,2.3,2.23,2.16,2.14,2.18,2.28,2.4,2.53,2.6,2.59,2.52,2.41,2.32,2.34,2.52,2.81,3.19,3.54,3.76,3.78,3.63,3.39,3.18,3.04,3.03,3.13,3.26,3.36,3.45,3.5,3.52,3.54,3.58,3.59,3.56,3.51,3.44,3.37,3.31,3.27,3.25
坦桑尼亚,2.94,2.96,2.98,2.99,3,3,3,2.99,2.98,2.95,2.91,2.87,2.84,2.82,2.82,2.82,2.83,2.8,2.72,2.61,2.47,2.35,2.32,2.43,2.65,2.93,3.2,3.38,3.41,3.33,3.19,3.08,3,2.98,3.02,3.06,3.08,3.1,3.1,3.09,3.08,3.07,3.07,3.09,3.13,3.17,3.21,3.23,3.22,3.17
多哥,2.4,2.42,2.45,2.48,2.52,2.56,2.61,2.64,2.66,2.68,2.7,2.71,2.72,2.7,2.66,2.6,2.54,2.54,2.62,2.77,2.97,3.14,3.21,3.1,2.86,2.53,2.25,2.09,2.12,2.32,2.57,2.79,3,3.18,3.33,3.51,3.69,3.75,3.61,3.31,2.91,2.54,2.27,2.17,2.21,2.26,2.29,2.45,2.79,3.26
突尼斯,1.05,1.11,1.15,1.14,1.1,1.05,1,0.97,0.97,1,1.04,1.06,1.06,1.01,0.93,0.84,0.77,0.75,0.79,0.88,0.98,1.08,1.21,1.37,1.54,1.74,1.94,2.09,2.18,2.22,2.24,2.26,2.31,2.4,2.54,2.69,2.81,2.88,2.85,2.74,2.6,2.45,2.34,2.28,2.26,2.25,2.22,2.21,2.2,2.2
乌干达,3.27,3.54,3.73,3.76,3.66,3.5,3.35,3.23,3.18,3.18,3.19,3.17,3.16,3.15,3.15,3.17,3.18,3.18,3.14,3.08,2.99,2.92,2.89,2.92,2.99,3.08,3.17,3.26,3.33,3.39,3.47,3.54,3.57,3.54,3.45,3.33,3.2,3.05,3.05,3.03,3.03,3.02,2.98,2.91,2.81,2.68,2.58,2.55,2.63,2.79
布基纳法索,2.82,2.84,2.87,2.89,2.92,2.94,2.96,2.98,3,3.01,3.02,3.03,3.02,3.01,2.99,2.96,2.93,2.9,2.88,2.86,2.84,2.82,2.8,2.78,2.76,2.75,2.73,2.71,2.69,2.68,2.66,2.64,2.62,2.61,2.59,2.58,2.56,2.52,2.45,2.35,2.24,2.13,2.04,1.97,1.92,1.88,1.83,1.79,1.76,1.74
刚果（金）,3.14,3.19,3.23,3.26,3.28,3.3,3.32,3.33,3.34,3.34,3.33,3.32,3.29,3.26,3.22,3.18,3.15,3.07,2.94,2.77,2.55,2.36,2.31,2.47,2.8,3.23,3.64,3.89,3.89,3.68,3.37,3.1,2.86,2.72,2.65,2.58,2.49,2.45,2.47,2.55,2.67,2.79,2.87,2.88,2.83,2.75,2.69,2.66,2.67,2.73
赞比亚,2.89,2.89,2.91,2.95,3,3.07,3.12,3.14,3.1,3.02,2.91,2.81,2.73,2.67,2.64,2.61,2.58,2.56,2.58,2.62,2.68,2.74,2.76,2.72,2.64,2.53,2.43,2.4,2.45,2.58,2.73,2.88,3.01,3.11,3.18,3.25,3.33,3.39,3.42,3.42,3.4,3.38,3.36,3.36,3.37,3.39,3.39,3.38,3.35,3.3
津巴布韦,1.47,1.42,1.41,1.46,1.55,1.66,1.75,1.78,1.7,1.54,1.35,1.18,1,0.82,0.65,0.47,0.31,0.23,0.25,0.36,0.5,0.64,0.8,0.97,1.14,1.31,1.51,1.75,2.03,2.36,2.71,3.05,3.32,3.49,3.57,3.62,3.66,3.66,3.62,3.54,3.41,3.27,3.18,3.18,3.26,3.37,3.47,3.53,3.53,3.49
莱索托,0.8,0.8,0.8,0.79,0.78,0.76,0.73,0.67,0.56,0.41,0.27,0.15,0.01,-0.15,-0.31,-0.49,-0.62,-0.57,-0.29,0.14,0.65,1.11,1.49,1.73,1.86,1.98,2.12,2.22,2.26,2.25,2.21,2.16,2.14,2.2,2.3,2.42,2.51,2.61,2.69,2.76,2.84,2.92,2.94,2.89,2.78,2.63,2.48,2.37,2.3,2.28
斯威士兰,1.04,1.04,1.01,0.97,0.9,0.82,0.75,0.7,0.67,0.67,0.7,0.71,0.7,0.63,0.53,0.42,0.34,0.37,0.54,0.81,1.13,1.44,1.7,1.88,1.99,2.09,2.22,2.36,2.54,2.74,2.95,3.15,3.3,3.4,3.45,3.47,3.49,3.48,3.46,3.43,3.38,3.31,3.24,3.18,3.12,3.05,2.97,2.92,2.9,2.91
厄立特里亚,,,,,,,2.21,2.16,2.12,1.36,1.61,1.85,2.19,2.65,3.19,3.85,4.47,4.72,4.38,3.53,2.43,1.39,0.51,-0.06,-0.35,-0.64,-0.91,-0.84,-0.39,0.34,1.23,2.06,2.7,2.99,2.99,2.92,2.91,2.88,2.89,2.91,2.9,2.84,2.8,2.78,2.79,2.79,2.79,2.77,2.75,2.73
马约特岛,,,,,,,,,,,3.11,3.11,3.12,3.12,3.12,3.12,3.13,3.17,3.26,3.39,3.54,3.69,3.9,4.19,4.55,4.98,5.41,5.73,5.85,5.77,5.57,5.37,5.2,5.15,5.18,5.25,5.25,5.19,4.99,4.7,4.33,3.98,3.73,3.68,3.79,4,4.19,4.3,4.26,4.09
安提瓜和巴布达,0.83,0.86,0.89,0.95,1.01,1.08,1.14,1.21,1.29,1.38,1.47,1.57,1.61,1.58,1.53,1.38,1.3,1.29,1.4,1.57,1.77,1.97,2.09,2.16,2.17,2.17,2.14,2.02,1.71,1.32,0.84,0.4,0.07,-0.07,-0.05,0,0.01,0,-0.01,-0.12,-0.14,-0.15,-0.2,-0.31,-0.51,-0.69,-0.85,-0.76,-0.34,0.26
阿根廷,0.97,,,0.96,0.98,1.01,1.03,1.05,1.05,1.04,0.75,1,0.99,1,1.02,1.04,1.06,1.07,1.08,1.09,1.1,1.11,1.13,1.16,1.19,1.23,1.27,1.31,1.35,1.4,1.45,1.5,1.54,1.57,1.58,1.6,1.61,1.61,1.6,1.57,1.54,1.5,1.49,1.5,1.53,1.57,1.61,1.62,1.61,1.57
阿鲁巴岛,0.43,0.44,0.46,0.47,0.5,0.54,0.59,0.58,0.5,0.38,0.21,0.09,0.13,0.39,0.8,1.29,1.77,2.11,2.24,2.21,2.06,1.96,2.12,2.66,3.53,4.61,5.64,6.05,5.45,3.9,1.82,-0.06,-1.25,-1.3,-0.6,0.31,0.98,1.41,1.28,0.77,0.21,-0.22,-0.44,-0.36,-0.11,0.21,0.48,0.64,0.68,0.63
巴哈马,0.96,0.99,1.01,1.01,0.99,0.96,0.94,0.98,1.11,1.3,1.51,1.71,1.85,1.9,1.89,1.85,1.83,1.76,1.65,1.52,1.35,1.18,1.12,1.18,1.35,1.56,1.75,1.88,1.91,1.85,1.77,1.72,1.71,1.76,1.88,2.01,2.12,2.21,2.23,2.22,2.21,2.21,2.2,2.15,2.1,2.03,1.96,2.03,2.26,2.63
巴巴多斯,0.12,0.13,0.14,0.15,0.16,0.18,0.19,0.21,0.25,0.37,0.36,0.41,0.45,0.44,0.42,0.38,0.35,0.33,0.34,0.36,0.39,0.42,0.43,0.42,0.41,0.36,0.39,0.37,0.37,0.37,0.37,0.38,0.37,0.35,0.33,0.3,0.28,0.28,0.31,0.36,0.41,0.46,0.51,0.54,0.58,0.62,0.64,0.64,0.59,0.5
伯利兹,1.85,1.88,1.92,1.98,2.05,2.12,2.19,2.25,2.32,2.38,2.45,2.52,2.57,2.61,2.62,2.6,2.6,2.65,2.83,3.09,3.43,3.72,3.84,3.64,3.19,2.59,2.03,1.68,1.65,1.89,2.2,2.45,2.65,2.77,2.78,2.81,2.86,2.82,2.62,2.35,1.99,1.66,1.44,1.36,1.4,1.48,1.54,1.67,1.87,2.11
玻利维亚,1.38,1.4,1.42,1.45,1.48,1.51,1.54,1.57,1.6,1.62,1.64,1.67,1.69,1.72,1.75,1.78,1.82,1.85,1.88,1.91,1.93,1.93,1.99,2.01,2.04,2.06,2.08,2.1,2.11,2.11,2.12,2.12,2.11,2.1,2.08,2.05,2.02,2.02,2.04,2.08,2.13,2.17,2.21,2.22,2.22,2.21,2.2,2.19,2.17,2.16
巴西,0.71,0.75,0.78,0.81,0.82,0.84,0.86,0.87,0.89,0.92,0.94,0.96,0.99,1.04,1.09,1.15,1.2,1.26,1.31,1.37,1.42,1.48,1.53,1.56,1.59,1.61,1.63,1.66,1.71,1.76,1.81,1.86,1.92,1.99,2.07,2.16,2.24,2.31,2.34,2.36,2.36,2.37,2.37,2.37,2.37,2.37,2.36,2.38,2.41,2.46
开曼群岛,1.18,1.2,1.24,1.3,1.36,1.42,1.52,1.63,1.86,2.1,2.41,2.72,2.93,3.01,2.94,2.8,2.7,2.78,3.17,3.78,4.55,5.32,5.84,5.95,5.75,5.23,4.88,4.52,4.58,4.76,5.19,5.36,5.58,5.31,4.84,4.19,3.58,3.21,3.38,3.93,4.56,5.33,5.84,6.14,6.25,6.29,6.38,6.15,5.55,4.75
智利,0.86,1.18,1.39,1.43,1.33,1.18,1.06,0.98,0.96,1,1.04,1.06,1.07,1.07,1.06,1.04,1.04,1.05,1.08,1.13,1.18,1.23,1.29,1.35,1.43,1.5,1.58,1.63,1.65,1.65,1.64,1.63,1.61,1.57,1.53,1.47,1.42,1.39,1.39,1.41,1.45,1.51,1.51,1.53,1.54,1.56,1.58,1.59,1.61,1.62
哥伦比亚,1.07,1.36,1.52,1.51,1.37,1.17,1.01,0.91,0.9,0.97,1.05,1.11,1.18,1.23,1.29,1.35,1.42,1.48,1.53,1.57,1.6,1.64,1.68,1.73,1.61,1.84,1.88,1.92,1.95,1.96,1.97,1.98,1.99,2.02,2.05,2.09,2.13,2.16,2.18,2.19,2.21,2.23,2.24,2.24,2.23,2.21,2.21,2.23,2.3,2.41
多米尼克,0.25,0.25,0.23,0.21,0.19,0.12,0.1,0.09,0.06,0.05,0.04,0.03,0.05,0.11,0.2,0.27,0.41,0.37,0.24,0.03,-0.26,-0.51,-0.58,-0.48,-0.24,0.09,0.32,0.38,0.24,-0.06,-0.43,-0.69,-0.88,-0.95,-0.93,-0.87,-0.86,-0.71,-0.4,-0.01,0.48,0.91,1.13,1.07,0.79,0.38,0.1,0.01,0.23,0.68
哥斯达黎加,0.92,0.96,0.99,1.03,1.06,1.09,1.12,1.15,1.18,1.21,1.24,1.28,1.32,1.35,1.39,1.42,1.46,1.53,1.64,1.79,1.96,2.12,2.26,2.36,2.42,2.48,2.53,2.58,2.6,2.61,2.61,2.6,2.6,2.62,2.65,2.68,2.71,2.72,2.72,2.71,2.69,2.68,2.65,2.62,2.57,2.51,2.46,2.46,2.5,2.6
古巴,-0.06,-0.04,-0.01,0.04,0.09,0.16,0.21,0.23,0.18,0.1,-0.01,-0.09,-0.13,-0.09,0,0.1,0.19,0.26,0.31,0.34,0.38,0.42,0.44,0.46,0.47,0.46,0.45,0.49,0.59,0.72,0.88,1.02,1.07,1,0.85,0.66,0.5,0.41,0.42,0.5,0.6,0.68,0.79,0.96,1.13,1.34,1.54,1.69,1.76,1.77
库腊索岛,-1.6,-1.2,-0.53,,,,,,,,,,,,,,,,,,,,,,,,,,,,,,,,,,,,,,,,,,,,,,,
多米尼加,1.01,1.05,1.08,1.1,1.12,1.14,1.16,1.17,1.19,1.21,1.23,1.25,1.27,1.3,1.33,1.36,1.5,1.43,1.46,1.49,1.52,1.56,1.6,1.64,1.69,1.75,1.8,1.85,1.88,1.9,1.92,1.94,1.96,2,2.03,2.07,2.11,2.15,2.2,2.25,2.3,2.36,2.41,2.47,2.52,2.57,2.62,2.68,2.73,2.79
厄瓜多尔,1.54,1.68,1.77,1.77,1.71,1.62,1.54,1.5,1.5,1.54,1.59,1.63,1.66,1.67,1.68,1.67,1.68,1.65,1.76,1.82,1.9,1.98,2.05,2.1,2.14,2.18,2.22,2.26,2.3,2.33,2.36,2.39,2.42,2.44,2.47,2.49,2.51,2.53,2.55,2.58,2.6,2.63,2.65,2.69,2.73,2.77,2.81,2.84,2.87,2.89
格林纳达,0.46,0.49,0.52,0.55,0.6,0.64,0.67,0.67,0.62,0.52,0.42,0.31,0.26,0.23,0.27,0.3,0.33,0.35,0.38,0.39,0.4,0.4,0.45,0.56,0.71,0.94,1.12,1.1,0.72,0.14,-0.63,-1.22,-1.32,-0.76,0.23,1.49,2.52,3.05,2.75,1.76,0.48,-0.56,-1.24,-1.38,-1.11,-0.75,-0.5,-0.34,-0.24,-0.28
危地马拉,1.52,,,1.98,2.01,2.04,2.08,2.11,2.13,2.15,2.17,2.19,2.21,2.24,2.27,2.31,2.34,2.36,2.35,2.33,2.29,2.25,2.23,2.24,2.26,2.3,2.32,2.34,2.35,2.34,2.33,2.32,2.33,2.35,2.38,2.42,2.46,2.49,2.49,2.48,2.46,2.45,2.46,2.49,2.54,2.6,2.65,2.71,2.75,2.78
圭亚那,0.48,0.48,0.49,0.5,0.51,0.53,0.54,0.51,0.45,0.35,0.23,0.12,0.05,0.02,0.02,0.06,0.08,0.05,-0.05,-0.2,-0.4,-0.55,-0.56,-0.37,-0.07,0.32,0.63,0.74,0.55,0.16,-0.31,-0.68,-0.9,-0.92,-0.78,-0.62,-0.48,-0.29,-0.06,0.2,0.5,0.79,1.01,1.1,1.1,1.08,1.08,1.1,1.15,1.23
海地,1.23,1.25,1.27,1.31,1.34,1.38,1.42,1.45,1.48,1.51,1.53,1.56,1.58,1.6,1.61,1.62,1.64,1.65,1.67,1.7,1.72,1.75,1.78,1.8,1.83,1.85,1.88,1.91,1.94,1.98,2.01,2.04,2.09,2.14,2.2,2.28,2.34,2.36,2.34,2.28,2.2,2.13,2.05,1.96,1.89,1.8,1.72,1.67,1.67,1.72
洪都拉斯,1.61,1.64,1.67,1.69,1.72,1.74,1.77,1.81,1.87,1.94,2.02,2.11,2.18,2.26,2.32,2.39,2.46,2.52,2.59,2.66,2.73,2.8,2.85,2.87,2.86,2.84,2.82,2.82,2.82,2.85,2.88,2.9,2.92,2.95,2.97,2.99,3.02,3.04,3.06,3.07,3.08,3.09,3.09,3.08,3.06,3.03,3,2.97,2.96,2.95
牙买加,0.44,0.46,0.48,0.5,0.53,0.55,0.57,0.58,0.57,0.55,0.52,0.5,0.49,0.5,0.52,0.55,0.57,0.61,0.68,0.75,0.83,0.91,0.96,0.98,0.98,0.98,0.98,0.95,0.89,0.8,0.68,0.59,0.59,0.73,0.97,1.26,1.51,1.67,1.68,1.56,1.4,1.27,1.2,1.23,1.34,1.48,1.58,1.63,1.6,1.52
墨西哥,1.06,1.09,1.13,1.16,1.2,1.24,1.28,1.32,1.36,1.39,1.44,1.48,1.5,1.49,1.46,1.42,1.38,1.36,1.37,1.4,1.44,1.48,1.52,1.56,1.61,1.66,1.71,1.76,1.81,1.85,1.89,1.94,1.99,2.04,2.1,2.17,2.23,2.3,2.35,2.4,2.45,2.49,2.55,2.62,2.7,2.79,2.87,2.94,2.99,3.03
尼加拉瓜,1.2,1.23,1.26,1.27,1.29,1.3,1.32,1.33,1.34,1.35,1.36,1.37,1.37,1.37,1.37,1.37,1.37,1.39,1.43,1.49,1.56,1.62,1.7,1.8,1.9,2.02,2.14,2.22,2.25,2.23,2.19,2.16,2.17,2.24,2.35,2.48,2.59,2.7,2.79,2.86,2.92,2.99,3.05,3.08,3.09,3.09,3.09,3.08,3.07,3.06
巴拿马,1.6,1.65,1.69,1.71,1.71,1.71,1.7,1.7,1.72,1.74,1.76,1.78,1.79,1.81,1.83,1.84,1.86,1.88,1.91,1.94,1.97,2,2.03,2.04,2.05,2.05,2.05,2.06,2.07,2.09,2.11,2.12,2.15,2.17,2.2,2.23,2.26,2.29,2.33,2.37,2.41,2.46,2.51,2.56,2.62,2.68,2.74,2.79,2.82,2.84
巴拉圭,1.24,1.27,1.29,1.31,1.32,1.34,1.36,1.37,1.37,1.37,1.35,1.35,1.37,1.43,1.52,1.62,1.72,1.81,1.89,1.96,2.03,2.1,2.17,2.23,2.29,2.35,2.4,2.46,2.52,2.59,2.66,2.73,2.79,2.83,2.87,2.9,2.92,2.92,2.89,2.83,2.76,2.68,2.61,2.55,2.5,2.45,2.39,2.37,2.39,2.44
秘鲁,1.41,1.62,1.72,1.66,1.48,1.26,1.06,0.9,0.83,0.81,0.81,0.8,0.81,0.82,0.84,0.87,0.92,1,1.12,1.27,1.45,1.62,1.76,1.83,1.85,1.86,1.88,1.9,1.95,2.02,2.12,2.15,2.21,2.25,2.29,2.32,2.35,2.38,2.42,2.46,2.51,2.54,2.58,2.62,2.65,2.68,2.71,2.73,2.75,2.76
波多黎各,2.71,,,-2.06,-1.94,-1.76,-1.63,-1.15,-1.21,-1.16,-0.51,-0.55,-0.59,-0.59,-0.42,-0.14,0.02,0.06,0.13,0.21,0.28,0.5,0.57,0.93,1.12,0.92,0.93,0.84,0.65,0.71,0.89,0.91,0.93,0.94,0.96,0.98,0.99,1.02,1.07,1.13,1.19,1.23,1.31,1.46,1.65,1.84,2.08,2.16,1.97,1.61
圣卢西亚,0.46,0.5,0.52,0.51,0.5,0.46,0.45,0.48,0.63,0.83,1.08,1.29,1.4,1.36,1.2,0.98,0.8,0.75,0.76,0.92,1.12,1.28,1.38,1.39,1.33,1.23,1.16,1.15,1.25,1.43,1.63,1.8,1.89,1.87,1.73,1.56,1.4,1.3,1.29,1.35,1.44,1.52,1.51,1.44,1.3,1.14,1,0.94,1,1.17
圣马丁岛,,,,,,,,1.53,1.55,1.67,-3.33,-3.33,2.49,3.07,3.55,4.48,4.42,3.69,4.32,2.17,-1.83,-0.5,,,,,,,,,,,,,,,,,,,,,,,,,,,,
圣文森特和格林纳丁斯,0.32,0.35,0.35,0.33,0.3,0.24,0.22,0.17,0.11,0.05,-0.03,-0.1,-0.11,-0.08,-0.01,0.09,0.18,0.21,0.19,0.1,0.02,-0.04,-0.08,-0.08,-0.06,-0.01,0.02,0.09,0.16,0.26,0.39,0.5,0.59,0.65,0.68,0.7,0.72,0.76,0.8,0.86,0.91,0.97,1,1.04,1.07,1.1,1.13,1.13,1.11,1.09
萨尔瓦多,0.5,0.51,0.51,0.5,0.49,0.48,0.46,0.45,0.44,0.43,0.42,0.42,0.42,0.43,0.45,0.47,0.49,0.53,0.59,0.66,0.73,0.81,0.89,0.99,1.08,1.19,1.29,1.36,1.38,1.36,1.33,1.3,1.29,1.29,1.32,1.34,1.37,1.42,1.51,1.63,1.76,1.89,2.01,2.12,2.21,2.3,2.39,2.48,2.55,2.61
苏里南,0.9,0.93,0.96,0.99,1.02,1.05,1.09,1.11,1.13,1.14,1.14,1.15,1.16,1.16,1.16,1.16,1.17,1.18,1.18,1.19,1.19,1.2,1.24,1.32,1.43,1.54,1.64,1.74,1.84,1.92,2.02,2.09,2.04,1.83,1.48,1.07,0.67,0.37,0.22,0.17,0.2,0.2,0.13,-0.08,-0.36,-0.67,-0.89,-0.82,-0.36,0.35
特立尼达和多巴哥,0.32,0.37,0.42,0.47,0.53,0.59,0.64,0.66,0.64,0.6,0.55,0.49,0.46,0.45,0.47,0.49,0.51,0.5,0.44,0.35,0.26,0.18,0.15,0.18,0.27,0.37,0.48,0.56,0.61,0.65,0.68,0.72,0.8,0.94,1.11,1.31,1.48,1.6,1.62,1.58,1.5,1.42,1.37,1.37,1.39,1.44,1.46,1.42,1.29,1.09
特克斯和凯科斯群岛,1.36,1.39,1.47,1.51,1.6,1.7,1.82,1.94,2.06,2.16,2.24,2.32,2.65,3.31,4.21,5.36,6.58,7.38,7.38,6.74,5.62,4.51,3.7,3.69,4.28,5.2,5.84,6.3,6.23,5.62,4.78,4.06,3.43,3.34,3.85,4.28,4.93,4.98,4.87,4.33,3.7,3.03,2.57,2.43,2.71,3.3,3.54,3.57,3.02,2.3
乌拉圭,0.35,0.36,0.37,0.36,0.35,0.34,0.32,0.31,0.3,0.29,0.29,0.36,0.25,0.19,0.11,0.01,-0.07,-0.07,0.02,0.17,0.35,0.51,0.64,0.7,0.71,0.72,0.73,0.74,0.73,0.71,0.68,0.65,0.63,0.62,0.63,0.64,0.64,0.65,0.65,0.66,0.68,0.69,0.65,0.55,0.39,0.21,0.07,0.02,0.11,0.3
委内瑞拉,-0.28,-1.29,-1.77,-1.51,-0.77,0.13,0.88,1.42,1.62,1.56,1.45,1.42,1.41,1.47,1.57,1.66,1.76,1.78,1.83,1.86,1.89,1.92,1.95,2.01,2.05,2.1,2.15,2.21,2.27,2.33,2.4,2.47,2.52,2.56,2.58,2.59,2.6,2.62,2.66,2.7,2.75,2.79,2.83,2.85,2.86,2.87,2.88,2.9,2.95,3.02
英属维尔京群岛,0.68,0.8,0.77,0.72,0.71,0.56,0.47,0.68,1.15,1.89,2.78,3.54,4.09,4.19,3.89,3.42,2.98,2.55,2.17,1.77,1.42,1.03,0.81,0.78,1.04,1.25,1.51,1.83,2.39,2.92,3.62,4.31,4.85,4.96,4.86,4.65,4.31,4.04,3.56,3.01,2.16,1.66,1.07,0.94,1.15,1.37,1.53,1.76,1.96,1.83
圣基茨和尼维斯,0.68,0.75,0.77,0.79,0.83,0.84,0.89,0.89,0.88,0.88,0.84,0.87,0.85,0.92,1.02,1.14,1.25,1.28,1.26,1.17,1.05,0.91,0.86,0.9,0.93,1.1,1.15,1.1,0.76,0.3,-0.23,-0.69,-1,-0.83,-0.95,-0.77,-0.66,-0.6,-0.54,-0.55,-0.58,-0.58,-0.55,-0.45,-0.3,-0.12,0.04,-0.03,-0.39,-0.87
荷属安地列斯群岛,,,,,,,,,,,,1.5,1.62,1.58,1.41,1.22,1.03,0.74,0.32,-0.16,-0.69,-1.14,-1.35,-1.26,-0.95,-0.57,-0.24,0.06,0.3,0.48,0.68,0.89,1.03,1.08,1.05,0.99,0.94,0.89,0.88,0.89,0.9,0.9,0.89,0.87,0.83,0.78,0.75,0.79,0.93,1.14
拉丁美洲和加勒比海,0.92,0.93,0.93,0.97,1,1.02,1.05,1.08,1.1,1.12,1.11,1.15,1.17,1.2,1.23,1.26,1.29,1.32,1.37,1.42,1.47,1.52,1.57,1.61,1.65,1.68,1.72,1.76,1.79,1.84,1.88,1.92,1.96,2,2.05,2.09,2.14,2.18,2.2,2.22,2.24,2.25,2.27,2.29,2.32,2.35,2.37,2.4,2.43,2.46
